Workbook
Name Slicer_Province_CLEAN: #N/A

Sheet bbw_canada_sales_raw
A1: TransactionID | B1: CustomerID | C1: Date | D1: Category | E1: Gender | F1: Age | G1: Location | H1: Quantity | I1: Sales | J1: Profit | K1: Channel | L1: Date_CLEAN | M1: Gender_CLEAN | N1: Age_CLEAN
A2: TXN-2024-000522 | B2: CUST-0058 | C2: 45618 | D2: Wallflower & Air Freshener | F2: 61 | G2: Lethbridge (AB) | H2: 1 | I2: 12.11 | J2: CAD 6.63 | K2: Online | L2: 45618 | M2: Unknown | N2: 61
A3: TXN-2023-000738 | B3: CUST-0312 | C3: 10/07/2023 | D3: Body Care | E3: N/A | G3: Vaughan Ontario | H3: 2 | I3: N/A | J3: 17.39 | K3: Online | L3: 45117 | M3: Unknown
A4: TXN-2024-000741 | B4: CUST-0309 | C4: 05/20/2024 | D4: Men's | E4: F | F4: 29 | G4: Toronto ON | H4: 1 | I4: 29,53 | J4: 13.19 | K4: Online | L4: 45432 | M4: Female | N4: 29
A5: TXN-2024-000661 | B5: CUST-0127 | C5: 04/10/2024 | D5: Wallflower & Air Freshener | E5: FEMALE | F5: 38 | G5: Kitchener Ontario | H5: 1 | I5: 7.33 | J5: CAD 2.94 | K5: Store | L5: 45569 | M5: Female | N5: 38
A6: TXN-2023-000412 | B6: CUST-0005 | C6: 14/06/2023 | D6: Wallflower & Air Freshener | E6: male | F6: 59 | G6: Vaughan (Ontario) | H6: 2 | I6: CAD 54.88 | J6: 20.71 | K6: Online | L6: 45091 | M6: Male | N6: 59
A7: TXN-2024-000679 | B7: CUST-0252 | C7: 45631 | D7: Candles | F7: 55 | G7: Calgary,Alberta | H7: 2 | I7: 106,03 | J7: 42,40 | K7: Store | L7: 45631 | M7: Unknown | N7: 55
A8: TXN-2023-000627 | B8: CUST-0235 | C8: 45144 | D8: Candles | E8: FEMALE | F8: 65 | G8: Gatineau, Quebec | H8: 2 | I8: 15.74 | J8: 7.12 | K8: Store | L8: 45144 | M8: Female | N8: 65
A9: TXN-2023-000514 | B9: CUST-0253 | C9: 45007 | D9: Men's | E9: M | F9: 56 | G9: Ottawa Ontari0 | H9: 4 | I9: 96,46 | J9: 24.26 | K9: Store | L9: 45007 | M9: Male | N9: 56
A10: TXN-2024-000860 | B10: CUST-0095 | C10: 45453 | D10: Wallflower & Air Freshener | E10: MALE | F10: 39 | G10: Mississauga, Ontario | H10: 1 | I10: 24.32 | J10: 8.65 | K10: Online | L10: 45453 | M10: Male | N10: 39
A11: TXN-2024-000137 | B11: CUST-0248 | C11: 21/07/2024 | D11: Wallflower & Air Freshener | E11: U | F11: 50 | G11: Alberta - Edmonton | H11: -4 | I11: -50.65 | J11: -16.77 | K11: Store | L11: 45494 | M11: Unknown | N11: 50
A12: Txn-2023-000812 | B12: CUST-0305 | C12: 2023.01.11 | D12: Body Care | E12: M | F12: twenty | G12: Saskatoon-SK | H12: 1 | I12: 23.1 | J12: 11,04 | K12: Store | L12: 44937 | M12: Male | N12: 20
A13: TXN-2024-000077 | B13: CUST-0070 | C13: 25/12/2024 | D13: Wallflower & Air Freshener | E13: M | F13: 14 | G13: Vancouver,British Columbia | H13: 2 | I13: 46.39 | J13: N/A | K13: Online | L13: 45651 | M13: Male | N13: 14
A14: TXN-2023-000637 | B14: CUST-0102 | C14: 02/07/2023 | D14: Men's | E14: female | F14: 69 | G14: Laval Quebec | H14: 1 | I14: CAD 16.21 | J14: 8.67 | K14: Store | L14: 45109 | M14: Female | N14: 69
A15: TXN-2023-000593 | B15: CUST-0211 | C15: 2023.04.21 | D15: Candles | E15: Female | F15: 60 | G15: Mississauga (Ontario) | H15: 1 | I15: 8.39 | J15: 2.65 | K15: Store | L15: 45037 | M15: Female | N15: 60
A16: TXN-2023-000939 | B16: CUST-0293 | C16: 11/18/2023 | D16: Wallflower & Air Freshener | E16: F | F16: 54 | G16: Laval Quebe | H16: 1 | I16: 8,28 | J16: 1.43 | K16: Online | L16: 45248 | M16: Female | N16: 54
A17: TXN-2023-000900 | B17: CUST-0086 | C17: 01/16/2023 | D17: Men's | E17: female | F17: 40 | G17: Ontario - Ottawa | H17: 1 | I17: 18.44 | J17: 7.13 | K17: Online | L17: 44942 | M17: Female | N17: 40
A18: TXN-2024-000281 | B18: CUST-0099 | C18: 2024.03.08 | D18: Men's | E18: FEMALE | F18: 65 | G18: Laval,Quebe | H18: 1 | I18: 16.02 | J18: 8.09 | K18: Store | L18: 45359 | M18: Female | N18: 65
A19: TXN-2024-000884 | B19: CUST-0012 | C19: 2024.05.29 | D19: Candles | E19: FEMALE | F19: 21 | G19: Laval Quebec | H19: 2 | I19: 54.5 | J19: 28.76 | K19: Store | L19: 45441 | M19: Female | N19: 21
A20: TXN-2023-000762 | B20: CUST-0051 | C20: 27/04/2023 | D20: Candles | E20: F | F20: 19 | G20: London,ONTARIO | H20: -2 | I20: -13.81 | J20: -19,81 | K20: Store | L20: 45043 | M20: Female | N20: 19
A21: TXN-2023-000320 | B21: CUST-0211 | C21: 45237 | D21: Men's | E21: female | F21: 66 | G21: Longueuil (Quebec) | H21: 3 | I21: 69.53 | J21: CAD 29.48 | K21: Store | L21: 45237 | M21: Female | N21: 66
A22: Txn-2024-000550 | B22: CUST-0170 | C22: 45421 | D22: Body Care | E22: Female | F22: 50 | G22: Red Deer-AB | H22: 1 | I22: 23.52 | J22: 12.51 | K22: Online | L22: 45421 | M22: Female | N22: 50
A23: TXN-2023-000175 | B23: CUST-0140 | C23: 44999 | D23: Body Care | E23: MALE | F23: 71 | G23: Kelowna BRITISH COLUMBIA | H23: 2 | I23: 20.26 | J23: 5.4 | K23: Online | L23: 44999 | M23: Male | N23: 71
A24: TXN-2024-000372 | B24: CUST-0053 | C24: 09/06/2024 | D24: Wallflower & Air Freshener | E24: M | F24: 18 | G24: Winnipeg (MANITOBA) | H24: 1 | I24: 4.92 | J24: 2.78 | K24: Store | L24: 45452 | M24: Male | N24: 18
A25: TXN-2024-000528 | B25: CUST-0061 | C25: 45410 | D25: Hand Soap & Sanitizer | E25: F | F25: 44 | G25: Markham,ON | H25: 2 | I25: 15.32 | J25: 6.15 | K25: Online | L25: 45410 | M25: Female | N25: 44
A26: Txn-2024-000211 | B26: CUST-0312 | C26: 45476 | D26: Men's | E26: Prefer not to say | F26: 47 | G26: Halifax (ns) | H26: 3 | I26: CAD 99.20 | J26: 31.93 | K26: Online | L26: 45476 | M26: Prefer not to say | N26: 47
A27: TXN-2024-000236 | B27: CUST-0034 | C27: 45607 | D27: Body Care | E27: MALE | F27: 74 | G27: Longueuil,Quebec | H27: 1 | I27: 15.43 CAD | J27: 7.69 | K27: Online | L27: 45607 | M27: Male | N27: 74
A28: TXN-2023-000102 | B28: CUST-0061 | C28: 4/7/2023 | D28: Candles | E28: Male | F28: 44 | G28: Calgary,Albert | H28: 1 | I28: 31.02 | J28: 11.15 | K28: Online | L28: 45111 | M28: Male | N28: 44
A29: TXN-2024-000652 | B29: CUST-0203 | C29: 25/11/2024 | D29: Wallflower & Air Freshener | E29: FEMALE | F29: 46 | G29: Longueuil,Quebe | H29: 3 | I29: 48.76 | J29: 27.2 | K29: Store | L29: 45621 | M29: Female | N29: 46
A30: TXN-2024-000903 | B30: CUST-0287 | C30: 45424 | D30: Candles | E30: MALE | F30: 43 | G30: Edmonton AB | H30: 4 | I30: 47.77 | J30: 29.42 | K30: Store | L30: 45424 | M30: Male | N30: 43
A31: TXN-2023-000948 | B31: CUST-0164 | C31: 44989 | D31: Wallflower & Air Freshener | E31: Male | F31: 48 | G31: Richmond,British Columbi | H31: 1 | I31: 13.96 CAD | J31: 4.71 | K31: Store | L31: 44989 | M31: Male | N31: 48
A32: TXN-2023-000347 | B32: CUST-0225 | C32: 45185 | D32: Candles | E32: F | F32: 44 | G32: Sherbrooke,Quebe | H32: 1 | I32: 44.26 | J32: 29.12 | K32: Online | L32: 45185 | M32: Female | N32: 44
A33: TXN-2024-000140 | B33: CUST-0071 | C33: 45489 | D33: Hand Soap & Sanitizer | E33: M | F33: 73 | G33: Windsor Ontario | H33: 1 | I33: 13.32 | J33: 4.92 | K33: Store | L33: 45489 | M33: Male | N33: 73
A34: TXN-2023-000622 | B34: CUST-0136 | C34: 03/07/2023 | D34: Candles | E34: N/A | F34: 31 | G34: Brampton / Ontari | H34: 1 | I34: 36,69 | J34: 20.08 | K34: Store | L34: 45110 | M34: Unknown | N34: 31
A35: TXN-2023-000500 | B35: CUST-0223 | C35: 44960 | D35: Men's | E35: FEMALE | F35: 34 | G35: Mississauga,ONTARIO | H35: 1 | I35: 18.94 | J35: 9.78 | K35: Online | L35: 44960 | M35: Female | N35: 34
A36: TXN-2023-000371 | B36: CUST-0279 | C36: 2023.12.25 | D36: Hand Soap & Sanitizer | E36: F | F36: 14 | G36: St. John's Newfoundland and Labrado | H36: 1 | I36: 8 | J36: 2.86 | K36: Online | L36: 45285 | M36: Female | N36: 14
A37: TXN-2024-000199 | B37: CUST-0110 | C37: 45647 | D37: Candles | E37: Male | F37: Thirty | G37: Laval-qc | H37: 3 | I37: 210.48 | K37: Online | L37: 45647 | M37: Male | N37: 30
A38: TXN-2023-000688 | B38: CUST-0155 | C38: 05/11/2023 | D38: Candles | E38: Female | F38: 38 | G38: on - Vaughan | H38: 3 | I38: 124.14 | J38: 47.04 | K38: Store | L38: 45235 | M38: Female | N38: 38
A39: TXN-2024-000585 | B39: CUST-0193 | C39: 2024.08.12 | D39: Hand Soap & Sanitizer | E39: FEMALE | F39: 26 | G39: Quebec - Longueuil | H39: 2 | I39: CAD 37.33 | J39: 8.86 | K39: Store | L39: 45516 | M39: Female | N39: 26
A40: TXN-2024-000902 | B40: CUST-0211 | C40: 02/07/2024 | D40: Wallflower & Air Freshener | E40: F | F40: 33 | G40: London-on | H40: 1 | I40: 4.84 | J40: 2.2 | K40: Online | L40: 45475 | M40: Female | N40: 33
A41: TXN-2024-000060 | B41: CUST-0316 | C41: 44985 | D41: Candles | E41: FEMALE | F41: 44 | G41: Sherbrooke, Quebec | H41: 2 | I41: 94.83 | J41: 46.75 | K41: Online | L41: 44985 | M41: Female | N41: 44
A42: TXN-2023-000329 | B42: CUST-0124 | C42: 44955 | D42: Men's | E42: male | F42: 57 | G42: Surrey-BRITISH COLUMBIA | H42: 2 | I42: 26.02 | J42: 7.22 | K42: Online | L42: 44955 | M42: Male | N42: 57
A43: TXN-2023-000097 | B43: CUST-0152 | C43: 01/25/2023 | D43: Candles | E43: N/A | F43: 75 | G43: Vancouver, British Columbia | H43: 1 | I43: 40.2 | J43: 17.03 | K43: Store | L43: 44951 | M43: Unknown | N43: 75
A44: TXN-2024-000313 | B44: CUST-0161 | C44: 45451 | D44: Hand Soap & Sanitizer | E44: Male | F44: 20 | G44: Saskatoon-Saskatch3wan | H44: 1 | I44: 22.47 | J44: 10.57 CAD | K44: Online | L44: 45451 | M44: Male | N44: 20
A45: TXN-2024-000413 | B45: CUST-0125 | C45: 01/20/2024 | D45: Men's | E45: MALE | F45: 42 | G45: Kelowna / British Columbi | H45: 1 | I45: â€” | J45: 6.7 | K45: Online | L45: 45311 | M45: Male | N45: 42
A46: TXN-2023-000300 | B46: CUST-0229 | C46: 25/03/2023 | D46: Body Care | E46: M | F46: 19 | G46: Windsor ONTARIO | H46: 5 | I46: 82.49 | J46: CAD 19.50 | K46: Store | L46: 45010 | M46: Male | N46: 19
A47: TXN-2023-000278 | B47: CUST-0309 | C47: 7/6/2023 | D47: Men's | E47: male | F47: 50 | G47: Red Deer Alberta | H47: 1 | I47: 10.37 | J47: 5.19 | K47: Store | L47: 45084 | M47: Male | N47: 50
A48: TXN-2024-000925 | B48: CUST-0028 | C48: 45497 | D48: Body Care | E48: F | F48: 68 | G48: Montreal,qc | H48: 2 | I48: 39.19 | J48: 11.50 CAD | K48: Store | L48: 45497 | M48: Female | N48: 68
A49: TXN-2024-000602 | B49: CUST-0217 | C49: 2024.12.09 | D49: Men's | E49: male | F49: 34 | G49: Burnaby,British Columbia | H49: 3 | J49: 49.38 | K49: Online | L49: 45635 | M49: Male | N49: 34
A50: TXN-2023-000440 | B50: CUST-0291 | C50: 2023.01.24 | D50: Hand Soap & Sanitizer | E50: Female | F50: 53 | G50: Sherbrooke Quebe | H50: 1 | I50: 19.01 | J50: 4.43 | K50: Store | L50: 44950 | M50: Female | N50: 53
A51: TXN-2024-000838 | B51: CUST-0106 | C51: 31-May-2024 | D51: Candles | E51: male | F51: 31 | G51: Sherbrooke Quebec | H51: 2 | I51: 70.7 | J51: 35.2 | K51: Store | L51: 45443 | M51: Male | N51: 31
A52: TXN-2024-000571 | B52: CUST-0170 | C52: 01/06/2024 | D52: Wallflower & Air Freshener | E52: Male | F52: 26 | G52: Windsor (ON) | H52: 6 | I52: 77.78 | J52: 21.86 | K52: Online | L52: 45444 | M52: Male | N52: 26
A53: TXN-2024-000880 | B53: CUST-0260 | C53: 45312 | D53: Men's | E53: Prefer not to say | F53: 25 | G53: Vancouver (BRITISH COLUMBIA) | H53: 2 | I53: 64.26 | J53: 22.9 | K53: Online | L53: 45312 | M53: Prefer not to say | N53: 25
A54: TXN-2024-000262 | B54: CUST-0297 | C54: 45418 | D54: Hand Soap & Sanitizer | E54: F | F54: 54 | G54: Brandon Manitoba | H54: 3 | I54: 17,59 | J54: CAD 8.19 | K54: Store | L54: 45418 | M54: Female | N54: 54
A55: TXN-2023-000579 | B55: CUST-0149 | C55: 45148 | D55: Men's | E55: F | F55: 53 | G55: SASKATCHEWAN - Saskatoon | H55: 2 | I55: 47.65 | J55: 10.86 | K55: Store | L55: 45148 | M55: Female | N55: 53
A56: TXN-2023-000024 | B56: Cust-0225 | C56: 45268 | D56: Hand Soap & Sanitizer | E56: Male | F56: 33 | G56: Kitchener on | H56: 1 | I56: CAD 4.36 | J56: 1.78 | K56: Online | L56: 45268 | M56: Male | N56: 33
A57: TXN-2023-000031 | B57: CUST-0237 | C57: 45025 | D57: Hand Soap & Sanitizer | E57: FEMALE | F57: 21 | G57: Mississauga Ontari | H57: 1 | I57: 3.63 | J57: 2.22 | K57: Store | L57: 45025 | M57: Female | N57: 21
A58: TXN-2024-000618 | B58: CUST-0247 | C58: 04/10/2024 | D58: Body Care | E58: F | F58: 35 | G58: Victoria / BRITISH COLUMBIA | H58: 2 | I58: 10,79 | J58: 3,82 | K58: Store | L58: 45569 | M58: Female | N58: 35
A59: TXN-2024-000011 | B59: CUST-0113 | C59: 45566 | D59: Men's | E59: Male | F59: 13 | G59: Sherbrooke, Quebe | H59: 3 | I59: 91,13 | J59: 44.45 | K59: Online | L59: 45566 | M59: Male | N59: 13
A60: TXN-2024-000222 | B60: CUST-0226 | C60: 09/25/2024 | D60: Wallflower & Air Freshener | E60: N/A | F60: 54 | G60: Kitchener ONTARIO | H60: 1 | I60: 28.04 CAD | J60: 11.84 | K60: Online | L60: 45560 | M60: Unknown | N60: 54
A61: TXN-2023-000821 | B61: CUST-0207 | C61: 2023.05.15 | D61: Wallflower & Air Freshener | E61: Male | F61: 22 | G61: Markham,ON | H61: 1 | I61: 13.57 | J61: 2.75 | K61: Store | L61: 45061 | M61: Male | N61: 22
A62: TXN-2024-000297 | B62: CUST-0153 | C62: 45436 | D62: Body Care | E62: MALE | F62: 38 | G62: Toronto,Ontario | H62: 1 | I62: 17,52 | J62: 4.68 | K62: Online | L62: 45436 | M62: Male | N62: 38
A63: TXN-2024-000055 | B63: CUST-0020 | C63: 2024.03.30 | D63: Hand Soap & Sanitizer | E63: FEMALE | F63: 23 | G63: Quebec - Longueuil | H63: 3 | I63: 29.51 | J63: 16.69 | K63: Store | L63: 45381 | M63: Female | N63: 23
A64: TXN-2024-000543 | B64: CUST-0083 | C64: 45588 | D64: Hand Soap & Sanitizer | E64: male | F64: 18 | G64: Surrey, bc | H64: -1 | I64: -4.59 | J64: -1.16 | K64: Online | L64: 45588 | M64: Male | N64: 18
A65: TXN-2024-000210 | B65: CUST-0230 | C65: 45333 | D65: Wallflower & Air Freshener | E65: F | F65: 51 | G65: Saskatoon / Saskatchewan | H65: 1 | I65: 12.04 | J65: 6.94 | K65: Store | L65: 45333 | M65: Female | N65: 51
A66: TXN-2023-000605 | B66: CUST-0118 | C66: 45268 | D66: Body Care | E66: Female | F66: 15 | G66: Sherbrooke / QC | H66: 1 | I66: 30.48 | J66: 11.06 | K66: Online | L66: 45268 | M66: Female | N66: 15
A67: TXN-2023-000693 | B67: CUST-0196 | C67: 45204 | D67: Men's | E67: male | F67: 34 | G67: Toronto,Ontario | H67: 2 | I67: 35.83 CAD | J67: 13.29 | K67: Store | L67: 45204 | M67: Male | N67: 34
A68: TXN-2023-000663 | B68: CUST-0267 | C68: 11/26/2023 | D68: Men's | E68: FEMALE | F68: 46 | G68: Toronto (Ontario) | H68: 1 | I68: 28.11 | J68: 7.1 | K68: Store | L68: 45256 | M68: Female | N68: 46
A69: TXN-2023-000867 | B69: CUST-0177 | C69: 45164 | D69: Hand Soap & Sanitizer | E69: F | F69: 45 | G69: Calgary (ALBERTA) | H69: 1 | I69: CAD 12.10 | J69: 6.17 CAD | K69: Online | L69: 45164 | M69: Female | N69: 45
A70: TXN-2024-000071 | B70: CUST-0277 | C70: 06/08/2024 | D70: Hand Soap & Sanitizer | E70: N/A | F70: 27 | G70: London,on | H70: 1 | I70: 4.2 | J70: 1.27 | K70: Store | L70: 45510 | M70: Unknown | N70: 27
A71: TXN-2024-000544 | B71: CUST-0278 | C71: 01/13/2024 | D71: Candles | E71: FEMALE | F71: 51 | G71: Hamilton / ON | H71: 1 | I71: 19.67 | J71: 10,01 | K71: Store | L71: 45304 | M71: Female | N71: 51
A72: TXN-2023-000108 | B72: CUST-0085 | C72: 2023.12.28 | D72: Body Care | E72: male | F72: 14 | G72: Montreal QUEBEC | H72: 3 | I72: 95.21 | J72: 45.8 | K72: Online | L72: 45288 | M72: Male | N72: 14
A73: TXN-2023-000494 | B73: CUST-0115 | C73: 45028 | D73: Hand Soap & Sanitizer | E73: male | F73: 20 | G73: Brampton (Ontario) | H73: 1 | I73: 11.52 | J73: 6,79 | K73: Online | L73: 45028 | M73: Male | N73: 20
A74: TXN-2023-000591 | B74: CUST-0133 | C74: 2023.06.02 | D74: Candles | E74: FEMALE | F74: 42 | G74: Vancouver, BritishColumbia | H74: 6 | I74: 272.41 | J74: 154.34 | K74: Store | L74: 45079 | M74: Female | N74: 42
A75: TXN-2023-000742 | B75: CUST-0083 | C75: 2023.05.20 | D75: Candles | E75: Female | F75: N/A | G75: Ontario - Kitchener | H75: 2 | I75: 40.87 | J75: 24.38 | K75: Online | L75: 45066 | M75: Female
A76: TXN-2023-000293 | B76: CUST-0024 | C76: 05/31/2023 | D76: Body Care | F76: 44 | G76: Longueuil, Quebec | H76: 2 | I76: 26.84 | J76: 13.53 | K76: Online | L76: 45077 | M76: Unknown | N76: 44
A77: TXN-2023-000290 | B77: CUST-0060 | C77: 44951 | D77: Wallflower & Air Freshener | E77: MALE | F77: 58 | G77: Vaughan ON | H77: 1 | I77: 6,28 | J77: 2.27 | K77: Store | L77: 44951 | M77: Male | N77: 58
A78: TXN-2024-000653 | B78: CUST-0041 | C78: 45430 | D78: Hand Soap & Sanitizer | E78: Male | F78: 22 | G78: Quebec City (Quebec) | H78: 2 | I78: 41.58 | J78: 13.46 | K78: Online | L78: 45430 | M78: Male | N78: 22
A79: TXN-2023-000040 | B79: CUST-0235 | C79: 44952 | D79: Body Care | E79: Male | F79: 48 | G79: Ottawa (Ontario) | H79: 2 | I79: 22.25 | J79: 5.33 | K79: Store | L79: 44952 | M79: Male | N79: 48
A80: TXN-2023-000590 | B80: CUST-0294 | C80: 05/02/2023 | D80: Candles | E80: F | F80: 51 | G80: Montreal-Quebec | H80: 1 | I80: 14.01 | J80: 8.89 | K80: Store | L80: 44962 | M80: Female | N80: 51
A81: TXN-2024-000308 | B81: CUST-0194 | C81: 45639 | D81: Hand Soap & Sanitizer | E81: Male | F81: 32 | G81: Toronto / Ontari | H81: 5 | I81: CAD 147.91 | J81: 43.69 | K81: Store | L81: 45639 | M81: Male | N81: 32
A82: TXN-2023-000680 | B82: CUST-0316 | C82: 2023.10.21 | D82: Body Care | E82: M | F82: 13 | G82: Laval Quebec | H82: 2 | I82: 50.66 | J82: 23.4 | K82: Online | L82: 45220 | M82: Male | N82: 13
A83: TXN-2023-000067 | B83: CUST-0128 | C83: 45008 | D83: Men's | E83: Female | F83: 22 | G83: Calgary Albert | H83: 3 | I83: 60.83 | J83: 25.83 | K83: Store | L83: 45008 | M83: Female | N83: 22
A84: TXN-2023-000276 | B84: CUST-0119 | C84: 10/05/2023 | D84: Men's | E84: U | F84: 44 | G84: Calgary-Albert | H84: 1 | I84: CAD 29.34 | J84: 10.66 | K84: Store | L84: 45056 | M84: Unknown | N84: 44
A85: TXN-2023-000068 | B85: CUST-0305 | C85: 44963 | D85: Men's | E85: FEMALE | F85: 59 | G85: Vaughan Ontari | H85: 4 | I85: 107.08 | J85: 40.64 | K85: Online | L85: 44963 | M85: Female | N85: 59
A86: TXN-2023-000319 | B86: CUST-0317 | C86: 44975 | D86: Body Care | E86: MALE | F86: 28 | G86: London, ON | H86: 4 | I86: 90,98 | J86: 43.04 | K86: Online | L86: 44975 | M86: Male | N86: 28
A87: TXN-2023-000549 | B87: CUST-0220 | C87: 2023.12.03 | D87: Body Care | E87: male | F87: 26 | G87: Kitchener-on | H87: 4 | I87: 25.04 | J87: 11.89 | K87: Online | L87: 45263 | M87: Male | N87: 26
A88: TXN-2024-000592 | B88: cust-0111 | C88: 2024.06.20 | D88: Body Care | E88: MALE | F88: 49 | G88: Hamilton Ontari | H88: 2 | I88: 26.81 | J88: 13.33 | K88: Online | L88: 45463 | M88: Male | N88: 49
A89: TXN-2023-000715 | B89: CUST-0071 | C89: 45234 | D89: Wallflower & Air Freshener | E89: MALE | F89: 73 | G89: London / Ontario | H89: 1 | I89: 29.9 | J89: 11.89 | K89: Store | L89: 45234 | M89: Male | N89: 73
A90: TXN-2023-000754 | B90: CUST-0172 | C90: 45048 | D90: Men's | E90: M | F90: 61 | G90: Sydney (Nova Scoti) | H90: 2 | I90: 79,79 | J90: 26.98 | K90: Online | L90: 45048 | M90: Male | N90: 61
A91: TXN-2023-000328 | B91: CUST-0301 | C91: 45223 | D91: Candles | E91: FEMALE | F91: 21 | G91: Calgary (AB) | H91: 4 | I91: 114,80 | J91: 70.55 | K91: Store | L91: 45223 | M91: Female | N91: 21
A92: TXN-2024-000383 | B92: CUST-0024 | C92: 45458 | D92: Body Care | E92: MALE | F92: 47 | G92: London ON | H92: 1 | J92: 5.03 | K92: Store | L92: 45458 | M92: Male | N92: 47
A93: TXN-2023-000452 | B93: CUST-0253 | C93: 09/12/2023 | D93: Wallflower & Air Freshener | E93: FEMALE | F93: 41 | G93: Saskatoon SK | H93: 3 | I93: â€” | J93: 26.05 | K93: Online | L93: 45269 | M93: Female | N93: 41
A94: TXN-2024-000523 | B94: CUST-0269 | C94: 45386 | D94: Body Care | E94: female | F94: 48 | G94: London Ontario | H94: 2 | I94: 57.77 | J94: 29,37 | K94: Store | L94: 45386 | M94: Female | N94: 48
A95: TXN-2023-000219 | B95: CUST-0104 | C95: 26/05/2023 | D95: Hand Soap & Sanitizer | E95: F | F95: 70 | G95: Toronto (Ontario) | H95: 4 | I95: 78.27 | J95: 26.91 | K95: Store | L95: 45072 | M95: Female | N95: 70
A96: TXN-2023-000788 | B96: CUST-0065 | C96: 44968 | D96: Hand Soap & Sanitizer | E96: F | F96: 34 | G96: Quebec City, Quebec | H96: 1 | I96: CAD 15.61 | J96: 7.14 | K96: Store | L96: 44968 | M96: Female | N96: 34
A97: TXN-2024-000437 | B97: CUST-0120 | C97: 45468 | D97: Men's | E97: Male | F97: 38 | G97: Red Deer / Alberta | H97: 2 | I97: 32.16 | J97: 11.91 | K97: Store | L97: 45468 | M97: Male | N97: 38
A98: TXN-2023-000765 | B98: CUST-0165 | C98: 21/04/2023 | D98: Candles | E98: female | F98: 40 | G98: Quebec - Sherbrooke | H98: 1 | I98: CAD 11.22 | J98: 5.37 | K98: Store | L98: 45037 | M98: Female | N98: 40
A99: TXN-2024-000089 | B99: CUST-0195 | C99: 45652 | D99: Men's | E99: MALE | F99: 51 | G99: Quebe - Longueuil | H99: 2 | I99: 75.47 | J99: 23.54 | K99: Online | L99: 45652 | M99: Male | N99: 51
A100: TXN-2023-000064 | B100: CUST-0076 | C100: 45015 | D100: Candles | E100: Male | F100: 71 | G100: Quebec City QUEBEC | H100: 2 | I100: 26.89 | J100: 12.86 | K100: Store | L100: 45015 | M100: Male | N100: 71
...

Sheet bbw_canada_sales_SOLUTION
A1: TransactionID | B1: CustomerID | C1: Date | D1: Category | E1: Gender | F1: Age | G1: Location | H1: Quantity | I1: Sales | J1: Profit | K1: Channel | L1: Date_CLEAN | M1: Gender_CLEAN | N1: Age_CLEAN | O1: Age_GROUP | P1: Location | Q1: Province_CLEAN | R1: Sales_CLEAN | S1: Profit_CLEAN
A2: TXN-2024-000522 | B2: CUST-0058 | C2: 45618 | D2: Wallflower & Air Freshener | F2: 61 | G2: Lethbridge (AB) | H2: 1 | I2: 12.11 | J2: CAD 6.63 | K2: Online | L2: 45618 | M2: Unknown | N2: 61 | O2: {=IF(OR(Table1[[#This Row],[Age_CLEAN]]="",Table1[[#This Row],[Age_CLEAN]]=0), "Unknown", _xlfn.IFS( Table1[[#This Row],[Age_CLEAN]]<=17,"Teen (13-17)", Table1[[#This Row],[Age_CLEAN]]<=24,"Young Adult (18-24)", Table1[[#This Row],[Age_CLEAN]]<=34,"Adult (25-34)", Table1[[#This Row],[Age_CLEAN]]<=54,"Mid-Age (35-54)", Table1[[#This Row],[Age_CLEAN]]<=75,"Older Adult (55-75)", TRUE,"Out of Range" ))} -> Older Adult (55-75) | P2: Lethbridge (AB) | Q2: AB | R2: 12.11 | S2: 6.63
A3: TXN-2023-000738 | B3: CUST-0312 | C3: 10/07/2023 | D3: Body Care | E3: N/A | G3: Vaughan Ontario | H3: 2 | I3: N/A | J3: 17.39 | K3: Online | L3: 45117 | M3: Unknown | O3: {=IF(OR(Table1[[#This Row],[Age_CLEAN]]="",Table1[[#This Row],[Age_CLEAN]]=0), "Unknown", _xlfn.IFS( Table1[[#This Row],[Age_CLEAN]]<=17,"Teen (13-17)", Table1[[#This Row],[Age_CLEAN]]<=24,"Young Adult (18-24)", Table1[[#This Row],[Age_CLEAN]]<=34,"Adult (25-34)", Table1[[#This Row],[Age_CLEAN]]<=54,"Mid-Age (35-54)", Table1[[#This Row],[Age_CLEAN]]<=75,"Older Adult (55-75)", TRUE,"Out of Range" ))} -> Unknown | P3: Vaughan Ontario | Q3: ON | S3: 17.39
A4: TXN-2024-000741 | B4: CUST-0309 | C4: 05/20/2024 | D4: Men's | E4: F | F4: 29 | G4: Toronto ON | H4: 1 | I4: 29,53 | J4: 13.19 | K4: Online | L4: 45432 | M4: Female | N4: 29 | O4: {=IF(OR(Table1[[#This Row],[Age_CLEAN]]="",Table1[[#This Row],[Age_CLEAN]]=0), "Unknown", _xlfn.IFS( Table1[[#This Row],[Age_CLEAN]]<=17,"Teen (13-17)", Table1[[#This Row],[Age_CLEAN]]<=24,"Young Adult (18-24)", Table1[[#This Row],[Age_CLEAN]]<=34,"Adult (25-34)", Table1[[#This Row],[Age_CLEAN]]<=54,"Mid-Age (35-54)", Table1[[#This Row],[Age_CLEAN]]<=75,"Older Adult (55-75)", TRUE,"Out of Range" ))} -> Adult (25-34) | P4: Toronto ON | Q4: ON | R4: 29.53 | S4: 13.19
A5: TXN-2024-000661 | B5: CUST-0127 | C5: 04/10/2024 | D5: Wallflower & Air Freshener | E5: FEMALE | F5: 38 | G5: Kitchener Ontario | H5: 1 | I5: 7.33 | J5: CAD 2.94 | K5: Store | L5: 45569 | M5: Female | N5: 38 | O5: {=IF(OR(Table1[[#This Row],[Age_CLEAN]]="",Table1[[#This Row],[Age_CLEAN]]=0), "Unknown", _xlfn.IFS( Table1[[#This Row],[Age_CLEAN]]<=17,"Teen (13-17)", Table1[[#This Row],[Age_CLEAN]]<=24,"Young Adult (18-24)", Table1[[#This Row],[Age_CLEAN]]<=34,"Adult (25-34)", Table1[[#This Row],[Age_CLEAN]]<=54,"Mid-Age (35-54)", Table1[[#This Row],[Age_CLEAN]]<=75,"Older Adult (55-75)", TRUE,"Out of Range" ))} -> Mid-Age (35-54) | P5: Kitchener Ontario | Q5: ON | R5: 7.33 | S5: 2.94
A6: TXN-2023-000412 | B6: CUST-0005 | C6: 14/06/2023 | D6: Wallflower & Air Freshener | E6: male | F6: 59 | G6: Vaughan (Ontario) | H6: 2 | I6: CAD 54.88 | J6: 20.71 | K6: Online | L6: 45091 | M6: Male | N6: 59 | O6: {=IF(OR(Table1[[#This Row],[Age_CLEAN]]="",Table1[[#This Row],[Age_CLEAN]]=0), "Unknown", _xlfn.IFS( Table1[[#This Row],[Age_CLEAN]]<=17,"Teen (13-17)", Table1[[#This Row],[Age_CLEAN]]<=24,"Young Adult (18-24)", Table1[[#This Row],[Age_CLEAN]]<=34,"Adult (25-34)", Table1[[#This Row],[Age_CLEAN]]<=54,"Mid-Age (35-54)", Table1[[#This Row],[Age_CLEAN]]<=75,"Older Adult (55-75)", TRUE,"Out of Range" ))} -> Older Adult (55-75) | P6: Vaughan (Ontario) | Q6: ON | R6: 54.88 | S6: 20.71
A7: TXN-2024-000679 | B7: CUST-0252 | C7: 45631 | D7: Candles | F7: 55 | G7: Calgary,Alberta | H7: 2 | I7: 106,03 | J7: 42,40 | K7: Store | L7: 45631 | M7: Unknown | N7: 55 | O7: {=IF(OR(Table1[[#This Row],[Age_CLEAN]]="",Table1[[#This Row],[Age_CLEAN]]=0), "Unknown", _xlfn.IFS( Table1[[#This Row],[Age_CLEAN]]<=17,"Teen (13-17)", Table1[[#This Row],[Age_CLEAN]]<=24,"Young Adult (18-24)", Table1[[#This Row],[Age_CLEAN]]<=34,"Adult (25-34)", Table1[[#This Row],[Age_CLEAN]]<=54,"Mid-Age (35-54)", Table1[[#This Row],[Age_CLEAN]]<=75,"Older Adult (55-75)", TRUE,"Out of Range" ))} -> Older Adult (55-75) | P7: Calgary,Alberta | Q7: AB | R7: 106.03 | S7: 42.4
A8: TXN-2023-000627 | B8: CUST-0235 | C8: 45144 | D8: Candles | E8: FEMALE | F8: 65 | G8: Gatineau, Quebec | H8: 2 | I8: 15.74 | J8: 7.12 | K8: Store | L8: 45144 | M8: Female | N8: 65 | O8: {=IF(OR(Table1[[#This Row],[Age_CLEAN]]="",Table1[[#This Row],[Age_CLEAN]]=0), "Unknown", _xlfn.IFS( Table1[[#This Row],[Age_CLEAN]]<=17,"Teen (13-17)", Table1[[#This Row],[Age_CLEAN]]<=24,"Young Adult (18-24)", Table1[[#This Row],[Age_CLEAN]]<=34,"Adult (25-34)", Table1[[#This Row],[Age_CLEAN]]<=54,"Mid-Age (35-54)", Table1[[#This Row],[Age_CLEAN]]<=75,"Older Adult (55-75)", TRUE,"Out of Range" ))} -> Older Adult (55-75) | P8: Gatineau, Quebec | Q8: QC | R8: 15.74 | S8: 7.12
A9: TXN-2023-000514 | B9: CUST-0253 | C9: 45007 | D9: Men's | E9: M | F9: 56 | G9: Ottawa Ontari0 | H9: 4 | I9: 96,46 | J9: 24.26 | K9: Store | L9: 45007 | M9: Male | N9: 56 | O9: {=IF(OR(Table1[[#This Row],[Age_CLEAN]]="",Table1[[#This Row],[Age_CLEAN]]=0), "Unknown", _xlfn.IFS( Table1[[#This Row],[Age_CLEAN]]<=17,"Teen (13-17)", Table1[[#This Row],[Age_CLEAN]]<=24,"Young Adult (18-24)", Table1[[#This Row],[Age_CLEAN]]<=34,"Adult (25-34)", Table1[[#This Row],[Age_CLEAN]]<=54,"Mid-Age (35-54)", Table1[[#This Row],[Age_CLEAN]]<=75,"Older Adult (55-75)", TRUE,"Out of Range" ))} -> Older Adult (55-75) | P9: Ottawa Ontari0 | Q9: ON | R9: 96.46 | S9: 24.26
A10: TXN-2024-000860 | B10: CUST-0095 | C10: 45453 | D10: Wallflower & Air Freshener | E10: MALE | F10: 39 | G10: Mississauga, Ontario | H10: 1 | I10: 24.32 | J10: 8.65 | K10: Online | L10: 45453 | M10: Male | N10: 39 | O10: {=IF(OR(Table1[[#This Row],[Age_CLEAN]]="",Table1[[#This Row],[Age_CLEAN]]=0), "Unknown", _xlfn.IFS( Table1[[#This Row],[Age_CLEAN]]<=17,"Teen (13-17)", Table1[[#This Row],[Age_CLEAN]]<=24,"Young Adult (18-24)", Table1[[#This Row],[Age_CLEAN]]<=34,"Adult (25-34)", Table1[[#This Row],[Age_CLEAN]]<=54,"Mid-Age (35-54)", Table1[[#This Row],[Age_CLEAN]]<=75,"Older Adult (55-75)", TRUE,"Out of Range" ))} -> Mid-Age (35-54) | P10: Mississauga, Ontario | Q10: ON | R10: 24.32 | S10: 8.65
A11: TXN-2024-000137 | B11: CUST-0248 | C11: 21/07/2024 | D11: Wallflower & Air Freshener | E11: U | F11: 50 | G11: Alberta - Edmonton | H11: -4 | I11: -50.65 | J11: -16.77 | K11: Store | L11: 45494 | M11: Unknown | N11: 50 | O11: {=IF(OR(Table1[[#This Row],[Age_CLEAN]]="",Table1[[#This Row],[Age_CLEAN]]=0), "Unknown", _xlfn.IFS( Table1[[#This Row],[Age_CLEAN]]<=17,"Teen (13-17)", Table1[[#This Row],[Age_CLEAN]]<=24,"Young Adult (18-24)", Table1[[#This Row],[Age_CLEAN]]<=34,"Adult (25-34)", Table1[[#This Row],[Age_CLEAN]]<=54,"Mid-Age (35-54)", Table1[[#This Row],[Age_CLEAN]]<=75,"Older Adult (55-75)", TRUE,"Out of Range" ))} -> Mid-Age (35-54) | P11: Alberta - Edmonton | Q11: AB | R11: -50.65 | S11: -16.77
A12: Txn-2023-000812 | B12: CUST-0305 | C12: 2023.01.11 | D12: Body Care | E12: M | F12: twenty | G12: Saskatoon-SK | H12: 1 | I12: 23.1 | J12: 11,04 | K12: Store | L12: 44937 | M12: Male | N12: 20 | O12: {=IF(OR(Table1[[#This Row],[Age_CLEAN]]="",Table1[[#This Row],[Age_CLEAN]]=0), "Unknown", _xlfn.IFS( Table1[[#This Row],[Age_CLEAN]]<=17,"Teen (13-17)", Table1[[#This Row],[Age_CLEAN]]<=24,"Young Adult (18-24)", Table1[[#This Row],[Age_CLEAN]]<=34,"Adult (25-34)", Table1[[#This Row],[Age_CLEAN]]<=54,"Mid-Age (35-54)", Table1[[#This Row],[Age_CLEAN]]<=75,"Older Adult (55-75)", TRUE,"Out of Range" ))} -> Young Adult (18-24) | P12: Saskatoon-SK | Q12: SK | R12: 23.1 | S12: 11.04
A13: TXN-2024-000077 | B13: CUST-0070 | C13: 25/12/2024 | D13: Wallflower & Air Freshener | E13: M | F13: 14 | G13: Vancouver,British Columbia | H13: 2 | I13: 46.39 | J13: N/A | K13: Online | L13: 45651 | M13: Male | N13: 14 | O13: {=IF(OR(Table1[[#This Row],[Age_CLEAN]]="",Table1[[#This Row],[Age_CLEAN]]=0), "Unknown", _xlfn.IFS( Table1[[#This Row],[Age_CLEAN]]<=17,"Teen (13-17)", Table1[[#This Row],[Age_CLEAN]]<=24,"Young Adult (18-24)", Table1[[#This Row],[Age_CLEAN]]<=34,"Adult (25-34)", Table1[[#This Row],[Age_CLEAN]]<=54,"Mid-Age (35-54)", Table1[[#This Row],[Age_CLEAN]]<=75,"Older Adult (55-75)", TRUE,"Out of Range" ))} -> Teen (13-17) | P13: Vancouver,British Columbia | Q13: BC | R13: 46.39
A14: TXN-2023-000637 | B14: CUST-0102 | C14: 02/07/2023 | D14: Men's | E14: female | F14: 69 | G14: Laval Quebec | H14: 1 | I14: CAD 16.21 | J14: 8.67 | K14: Store | L14: 45109 | M14: Female | N14: 69 | O14: {=IF(OR(Table1[[#This Row],[Age_CLEAN]]="",Table1[[#This Row],[Age_CLEAN]]=0), "Unknown", _xlfn.IFS( Table1[[#This Row],[Age_CLEAN]]<=17,"Teen (13-17)", Table1[[#This Row],[Age_CLEAN]]<=24,"Young Adult (18-24)", Table1[[#This Row],[Age_CLEAN]]<=34,"Adult (25-34)", Table1[[#This Row],[Age_CLEAN]]<=54,"Mid-Age (35-54)", Table1[[#This Row],[Age_CLEAN]]<=75,"Older Adult (55-75)", TRUE,"Out of Range" ))} -> Older Adult (55-75) | P14: Laval Quebec | Q14: QC | R14: 16.21 | S14: 8.67
A15: TXN-2023-000593 | B15: CUST-0211 | C15: 2023.04.21 | D15: Candles | E15: Female | F15: 60 | G15: Mississauga (Ontario) | H15: 1 | I15: 8.39 | J15: 2.65 | K15: Store | L15: 45037 | M15: Female | N15: 60 | O15: {=IF(OR(Table1[[#This Row],[Age_CLEAN]]="",Table1[[#This Row],[Age_CLEAN]]=0), "Unknown", _xlfn.IFS( Table1[[#This Row],[Age_CLEAN]]<=17,"Teen (13-17)", Table1[[#This Row],[Age_CLEAN]]<=24,"Young Adult (18-24)", Table1[[#This Row],[Age_CLEAN]]<=34,"Adult (25-34)", Table1[[#This Row],[Age_CLEAN]]<=54,"Mid-Age (35-54)", Table1[[#This Row],[Age_CLEAN]]<=75,"Older Adult (55-75)", TRUE,"Out of Range" ))} -> Older Adult (55-75) | P15: Mississauga (Ontario) | Q15: ON | R15: 8.39 | S15: 2.65
A16: TXN-2023-000939 | B16: CUST-0293 | C16: 11/18/2023 | D16: Wallflower & Air Freshener | E16: F | F16: 54 | G16: Laval Quebe | H16: 1 | I16: 8,28 | J16: 1.43 | K16: Online | L16: 45248 | M16: Female | N16: 54 | O16: {=IF(OR(Table1[[#This Row],[Age_CLEAN]]="",Table1[[#This Row],[Age_CLEAN]]=0), "Unknown", _xlfn.IFS( Table1[[#This Row],[Age_CLEAN]]<=17,"Teen (13-17)", Table1[[#This Row],[Age_CLEAN]]<=24,"Young Adult (18-24)", Table1[[#This Row],[Age_CLEAN]]<=34,"Adult (25-34)", Table1[[#This Row],[Age_CLEAN]]<=54,"Mid-Age (35-54)", Table1[[#This Row],[Age_CLEAN]]<=75,"Older Adult (55-75)", TRUE,"Out of Range" ))} -> Mid-Age (35-54) | P16: Laval Quebe | Q16: QC | R16: 8.28 | S16: 1.43
A17: TXN-2023-000900 | B17: CUST-0086 | C17: 01/16/2023 | D17: Men's | E17: female | F17: 40 | G17: Ontario - Ottawa | H17: 1 | I17: 18.44 | J17: 7.13 | K17: Online | L17: 44942 | M17: Female | N17: 40 | O17: {=IF(OR(Table1[[#This Row],[Age_CLEAN]]="",Table1[[#This Row],[Age_CLEAN]]=0), "Unknown", _xlfn.IFS( Table1[[#This Row],[Age_CLEAN]]<=17,"Teen (13-17)", Table1[[#This Row],[Age_CLEAN]]<=24,"Young Adult (18-24)", Table1[[#This Row],[Age_CLEAN]]<=34,"Adult (25-34)", Table1[[#This Row],[Age_CLEAN]]<=54,"Mid-Age (35-54)", Table1[[#This Row],[Age_CLEAN]]<=75,"Older Adult (55-75)", TRUE,"Out of Range" ))} -> Mid-Age (35-54) | P17: Ontario - Ottawa | Q17: ON | R17: 18.44 | S17: 7.13
A18: TXN-2024-000281 | B18: CUST-0099 | C18: 2024.03.08 | D18: Men's | E18: FEMALE | F18: 65 | G18: Laval,Quebe | H18: 1 | I18: 16.02 | J18: 8.09 | K18: Store | L18: 45359 | M18: Female | N18: 65 | O18: {=IF(OR(Table1[[#This Row],[Age_CLEAN]]="",Table1[[#This Row],[Age_CLEAN]]=0), "Unknown", _xlfn.IFS( Table1[[#This Row],[Age_CLEAN]]<=17,"Teen (13-17)", Table1[[#This Row],[Age_CLEAN]]<=24,"Young Adult (18-24)", Table1[[#This Row],[Age_CLEAN]]<=34,"Adult (25-34)", Table1[[#This Row],[Age_CLEAN]]<=54,"Mid-Age (35-54)", Table1[[#This Row],[Age_CLEAN]]<=75,"Older Adult (55-75)", TRUE,"Out of Range" ))} -> Older Adult (55-75) | P18: Laval,Quebe | Q18: QC | R18: 16.02 | S18: 8.09
A19: TXN-2024-000884 | B19: CUST-0012 | C19: 2024.05.29 | D19: Candles | E19: FEMALE | F19: 21 | G19: Laval Quebec | H19: 2 | I19: 54.5 | J19: 28.76 | K19: Store | L19: 45441 | M19: Female | N19: 21 | O19: {=IF(OR(Table1[[#This Row],[Age_CLEAN]]="",Table1[[#This Row],[Age_CLEAN]]=0), "Unknown", _xlfn.IFS( Table1[[#This Row],[Age_CLEAN]]<=17,"Teen (13-17)", Table1[[#This Row],[Age_CLEAN]]<=24,"Young Adult (18-24)", Table1[[#This Row],[Age_CLEAN]]<=34,"Adult (25-34)", Table1[[#This Row],[Age_CLEAN]]<=54,"Mid-Age (35-54)", Table1[[#This Row],[Age_CLEAN]]<=75,"Older Adult (55-75)", TRUE,"Out of Range" ))} -> Young Adult (18-24) | P19: Laval Quebec | Q19: QC | R19: 54.5 | S19: 28.76
A20: TXN-2023-000762 | B20: CUST-0051 | C20: 27/04/2023 | D20: Candles | E20: F | F20: 19 | G20: London,ONTARIO | H20: -2 | I20: -13.81 | J20: -19,81 | K20: Store | L20: 45043 | M20: Female | N20: 19 | O20: {=IF(OR(Table1[[#This Row],[Age_CLEAN]]="",Table1[[#This Row],[Age_CLEAN]]=0), "Unknown", _xlfn.IFS( Table1[[#This Row],[Age_CLEAN]]<=17,"Teen (13-17)", Table1[[#This Row],[Age_CLEAN]]<=24,"Young Adult (18-24)", Table1[[#This Row],[Age_CLEAN]]<=34,"Adult (25-34)", Table1[[#This Row],[Age_CLEAN]]<=54,"Mid-Age (35-54)", Table1[[#This Row],[Age_CLEAN]]<=75,"Older Adult (55-75)", TRUE,"Out of Range" ))} -> Young Adult (18-24) | P20: London,ONTARIO | Q20: ON | R20: -13.81 | S20: -19.81
A21: TXN-2023-000320 | B21: CUST-0211 | C21: 45237 | D21: Men's | E21: female | F21: 66 | G21: Longueuil (Quebec) | H21: 3 | I21: 69.53 | J21: CAD 29.48 | K21: Store | L21: 45237 | M21: Female | N21: 66 | O21: {=IF(OR(Table1[[#This Row],[Age_CLEAN]]="",Table1[[#This Row],[Age_CLEAN]]=0), "Unknown", _xlfn.IFS( Table1[[#This Row],[Age_CLEAN]]<=17,"Teen (13-17)", Table1[[#This Row],[Age_CLEAN]]<=24,"Young Adult (18-24)", Table1[[#This Row],[Age_CLEAN]]<=34,"Adult (25-34)", Table1[[#This Row],[Age_CLEAN]]<=54,"Mid-Age (35-54)", Table1[[#This Row],[Age_CLEAN]]<=75,"Older Adult (55-75)", TRUE,"Out of Range" ))} -> Older Adult (55-75) | P21: Longueuil (Quebec) | Q21: QC | R21: 69.53 | S21: 29.48
A22: Txn-2024-000550 | B22: CUST-0170 | C22: 45421 | D22: Body Care | E22: Female | F22: 50 | G22: Red Deer-AB | H22: 1 | I22: 23.52 | J22: 12.51 | K22: Online | L22: 45421 | M22: Female | N22: 50 | O22: {=IF(OR(Table1[[#This Row],[Age_CLEAN]]="",Table1[[#This Row],[Age_CLEAN]]=0), "Unknown", _xlfn.IFS( Table1[[#This Row],[Age_CLEAN]]<=17,"Teen (13-17)", Table1[[#This Row],[Age_CLEAN]]<=24,"Young Adult (18-24)", Table1[[#This Row],[Age_CLEAN]]<=34,"Adult (25-34)", Table1[[#This Row],[Age_CLEAN]]<=54,"Mid-Age (35-54)", Table1[[#This Row],[Age_CLEAN]]<=75,"Older Adult (55-75)", TRUE,"Out of Range" ))} -> Mid-Age (35-54) | P22: Red Deer-AB | Q22: AB | R22: 23.52 | S22: 12.51
A23: TXN-2023-000175 | B23: CUST-0140 | C23: 44999 | D23: Body Care | E23: MALE | F23: 71 | G23: Kelowna BRITISH COLUMBIA | H23: 2 | I23: 20.26 | J23: 5.4 | K23: Online | L23: 44999 | M23: Male | N23: 71 | O23: {=IF(OR(Table1[[#This Row],[Age_CLEAN]]="",Table1[[#This Row],[Age_CLEAN]]=0), "Unknown", _xlfn.IFS( Table1[[#This Row],[Age_CLEAN]]<=17,"Teen (13-17)", Table1[[#This Row],[Age_CLEAN]]<=24,"Young Adult (18-24)", Table1[[#This Row],[Age_CLEAN]]<=34,"Adult (25-34)", Table1[[#This Row],[Age_CLEAN]]<=54,"Mid-Age (35-54)", Table1[[#This Row],[Age_CLEAN]]<=75,"Older Adult (55-75)", TRUE,"Out of Range" ))} -> Older Adult (55-75) | P23: Kelowna BRITISH COLUMBIA | Q23: BC | R23: 20.26 | S23: 5.4
A24: TXN-2024-000372 | B24: CUST-0053 | C24: 09/06/2024 | D24: Wallflower & Air Freshener | E24: M | F24: 18 | G24: Winnipeg (MANITOBA) | H24: 1 | I24: 4.92 | J24: 2.78 | K24: Store | L24: 45452 | M24: Male | N24: 18 | O24: {=IF(OR(Table1[[#This Row],[Age_CLEAN]]="",Table1[[#This Row],[Age_CLEAN]]=0), "Unknown", _xlfn.IFS( Table1[[#This Row],[Age_CLEAN]]<=17,"Teen (13-17)", Table1[[#This Row],[Age_CLEAN]]<=24,"Young Adult (18-24)", Table1[[#This Row],[Age_CLEAN]]<=34,"Adult (25-34)", Table1[[#This Row],[Age_CLEAN]]<=54,"Mid-Age (35-54)", Table1[[#This Row],[Age_CLEAN]]<=75,"Older Adult (55-75)", TRUE,"Out of Range" ))} -> Young Adult (18-24) | P24: Winnipeg (MANITOBA) | Q24: MB | R24: 4.92 | S24: 2.78
A25: TXN-2024-000528 | B25: CUST-0061 | C25: 45410 | D25: Hand Soap & Sanitizer | E25: F | F25: 44 | G25: Markham,ON | H25: 2 | I25: 15.32 | J25: 6.15 | K25: Online | L25: 45410 | M25: Female | N25: 44 | O25: {=IF(OR(Table1[[#This Row],[Age_CLEAN]]="",Table1[[#This Row],[Age_CLEAN]]=0), "Unknown", _xlfn.IFS( Table1[[#This Row],[Age_CLEAN]]<=17,"Teen (13-17)", Table1[[#This Row],[Age_CLEAN]]<=24,"Young Adult (18-24)", Table1[[#This Row],[Age_CLEAN]]<=34,"Adult (25-34)", Table1[[#This Row],[Age_CLEAN]]<=54,"Mid-Age (35-54)", Table1[[#This Row],[Age_CLEAN]]<=75,"Older Adult (55-75)", TRUE,"Out of Range" ))} -> Mid-Age (35-54) | P25: Markham,ON | Q25: ON | R25: 15.32 | S25: 6.15
A26: Txn-2024-000211 | B26: CUST-0312 | C26: 45476 | D26: Men's | E26: Prefer not to say | F26: 47 | G26: Halifax (ns) | H26: 3 | I26: CAD 99.20 | J26: 31.93 | K26: Online | L26: 45476 | M26: Prefer not to say | N26: 47 | O26: {=IF(OR(Table1[[#This Row],[Age_CLEAN]]="",Table1[[#This Row],[Age_CLEAN]]=0), "Unknown", _xlfn.IFS( Table1[[#This Row],[Age_CLEAN]]<=17,"Teen (13-17)", Table1[[#This Row],[Age_CLEAN]]<=24,"Young Adult (18-24)", Table1[[#This Row],[Age_CLEAN]]<=34,"Adult (25-34)", Table1[[#This Row],[Age_CLEAN]]<=54,"Mid-Age (35-54)", Table1[[#This Row],[Age_CLEAN]]<=75,"Older Adult (55-75)", TRUE,"Out of Range" ))} -> Mid-Age (35-54) | P26: Halifax (ns) | Q26: NS | R26: 99.2 | S26: 31.93
A27: TXN-2024-000236 | B27: CUST-0034 | C27: 45607 | D27: Body Care | E27: MALE | F27: 74 | G27: Longueuil,Quebec | H27: 1 | I27: 15.43 CAD | J27: 7.69 | K27: Online | L27: 45607 | M27: Male | N27: 74 | O27: {=IF(OR(Table1[[#This Row],[Age_CLEAN]]="",Table1[[#This Row],[Age_CLEAN]]=0), "Unknown", _xlfn.IFS( Table1[[#This Row],[Age_CLEAN]]<=17,"Teen (13-17)", Table1[[#This Row],[Age_CLEAN]]<=24,"Young Adult (18-24)", Table1[[#This Row],[Age_CLEAN]]<=34,"Adult (25-34)", Table1[[#This Row],[Age_CLEAN]]<=54,"Mid-Age (35-54)", Table1[[#This Row],[Age_CLEAN]]<=75,"Older Adult (55-75)", TRUE,"Out of Range" ))} -> Older Adult (55-75) | P27: Longueuil,Quebec | Q27: QC | R27: 15.43 | S27: 7.69
A28: TXN-2023-000102 | B28: CUST-0061 | C28: 4/7/2023 | D28: Candles | E28: Male | F28: 44 | G28: Calgary,Albert | H28: 1 | I28: 31.02 | J28: 11.15 | K28: Online | L28: 45111 | M28: Male | N28: 44 | O28: {=IF(OR(Table1[[#This Row],[Age_CLEAN]]="",Table1[[#This Row],[Age_CLEAN]]=0), "Unknown", _xlfn.IFS( Table1[[#This Row],[Age_CLEAN]]<=17,"Teen (13-17)", Table1[[#This Row],[Age_CLEAN]]<=24,"Young Adult (18-24)", Table1[[#This Row],[Age_CLEAN]]<=34,"Adult (25-34)", Table1[[#This Row],[Age_CLEAN]]<=54,"Mid-Age (35-54)", Table1[[#This Row],[Age_CLEAN]]<=75,"Older Adult (55-75)", TRUE,"Out of Range" ))} -> Mid-Age (35-54) | P28: Calgary,Albert | Q28: AB | R28: 31.02 | S28: 11.15
A29: TXN-2024-000652 | B29: CUST-0203 | C29: 25/11/2024 | D29: Wallflower & Air Freshener | E29: FEMALE | F29: 46 | G29: Longueuil,Quebe | H29: 3 | I29: 48.76 | J29: 27.2 | K29: Store | L29: 45621 | M29: Female | N29: 46 | O29: {=IF(OR(Table1[[#This Row],[Age_CLEAN]]="",Table1[[#This Row],[Age_CLEAN]]=0), "Unknown", _xlfn.IFS( Table1[[#This Row],[Age_CLEAN]]<=17,"Teen (13-17)", Table1[[#This Row],[Age_CLEAN]]<=24,"Young Adult (18-24)", Table1[[#This Row],[Age_CLEAN]]<=34,"Adult (25-34)", Table1[[#This Row],[Age_CLEAN]]<=54,"Mid-Age (35-54)", Table1[[#This Row],[Age_CLEAN]]<=75,"Older Adult (55-75)", TRUE,"Out of Range" ))} -> Mid-Age (35-54) | P29: Longueuil,Quebe | Q29: QC | R29: 48.76 | S29: 27.2
A30: TXN-2024-000903 | B30: CUST-0287 | C30: 45424 | D30: Candles | E30: MALE | F30: 43 | G30: Edmonton AB | H30: 4 | I30: 47.77 | J30: 29.42 | K30: Store | L30: 45424 | M30: Male | N30: 43 | O30: {=IF(OR(Table1[[#This Row],[Age_CLEAN]]="",Table1[[#This Row],[Age_CLEAN]]=0), "Unknown", _xlfn.IFS( Table1[[#This Row],[Age_CLEAN]]<=17,"Teen (13-17)", Table1[[#This Row],[Age_CLEAN]]<=24,"Young Adult (18-24)", Table1[[#This Row],[Age_CLEAN]]<=34,"Adult (25-34)", Table1[[#This Row],[Age_CLEAN]]<=54,"Mid-Age (35-54)", Table1[[#This Row],[Age_CLEAN]]<=75,"Older Adult (55-75)", TRUE,"Out of Range" ))} -> Mid-Age (35-54) | P30: Edmonton AB | Q30: AB | R30: 47.77 | S30: 29.42
A31: TXN-2023-000948 | B31: CUST-0164 | C31: 44989 | D31: Wallflower & Air Freshener | E31: Male | F31: 48 | G31: Richmond,British Columbi | H31: 1 | I31: 13.96 CAD | J31: 4.71 | K31: Store | L31: 44989 | M31: Male | N31: 48 | O31: {=IF(OR(Table1[[#This Row],[Age_CLEAN]]="",Table1[[#This Row],[Age_CLEAN]]=0), "Unknown", _xlfn.IFS( Table1[[#This Row],[Age_CLEAN]]<=17,"Teen (13-17)", Table1[[#This Row],[Age_CLEAN]]<=24,"Young Adult (18-24)", Table1[[#This Row],[Age_CLEAN]]<=34,"Adult (25-34)", Table1[[#This Row],[Age_CLEAN]]<=54,"Mid-Age (35-54)", Table1[[#This Row],[Age_CLEAN]]<=75,"Older Adult (55-75)", TRUE,"Out of Range" ))} -> Mid-Age (35-54) | P31: Richmond,British Columbi | Q31: BC | R31: 13.96 | S31: 4.71
A32: TXN-2023-000347 | B32: CUST-0225 | C32: 45185 | D32: Candles | E32: F | F32: 44 | G32: Sherbrooke,Quebe | H32: 1 | I32: 44.26 | J32: 29.12 | K32: Online | L32: 45185 | M32: Female | N32: 44 | O32: {=IF(OR(Table1[[#This Row],[Age_CLEAN]]="",Table1[[#This Row],[Age_CLEAN]]=0), "Unknown", _xlfn.IFS( Table1[[#This Row],[Age_CLEAN]]<=17,"Teen (13-17)", Table1[[#This Row],[Age_CLEAN]]<=24,"Young Adult (18-24)", Table1[[#This Row],[Age_CLEAN]]<=34,"Adult (25-34)", Table1[[#This Row],[Age_CLEAN]]<=54,"Mid-Age (35-54)", Table1[[#This Row],[Age_CLEAN]]<=75,"Older Adult (55-75)", TRUE,"Out of Range" ))} -> Mid-Age (35-54) | P32: Sherbrooke,Quebe | Q32: QC | R32: 44.26 | S32: 29.12
A33: TXN-2024-000140 | B33: CUST-0071 | C33: 45489 | D33: Hand Soap & Sanitizer | E33: M | F33: 73 | G33: Windsor Ontario | H33: 1 | I33: 13.32 | J33: 4.92 | K33: Store | L33: 45489 | M33: Male | N33: 73 | O33: {=IF(OR(Table1[[#This Row],[Age_CLEAN]]="",Table1[[#This Row],[Age_CLEAN]]=0), "Unknown", _xlfn.IFS( Table1[[#This Row],[Age_CLEAN]]<=17,"Teen (13-17)", Table1[[#This Row],[Age_CLEAN]]<=24,"Young Adult (18-24)", Table1[[#This Row],[Age_CLEAN]]<=34,"Adult (25-34)", Table1[[#This Row],[Age_CLEAN]]<=54,"Mid-Age (35-54)", Table1[[#This Row],[Age_CLEAN]]<=75,"Older Adult (55-75)", TRUE,"Out of Range" ))} -> Older Adult (55-75) | P33: Windsor Ontario | Q33: ON | R33: 13.32 | S33: 4.92
A34: TXN-2023-000622 | B34: CUST-0136 | C34: 03/07/2023 | D34: Candles | E34: N/A | F34: 31 | G34: Brampton / Ontari | H34: 1 | I34: 36,69 | J34: 20.08 | K34: Store | L34: 45110 | M34: Unknown | N34: 31 | O34: {=IF(OR(Table1[[#This Row],[Age_CLEAN]]="",Table1[[#This Row],[Age_CLEAN]]=0), "Unknown", _xlfn.IFS( Table1[[#This Row],[Age_CLEAN]]<=17,"Teen (13-17)", Table1[[#This Row],[Age_CLEAN]]<=24,"Young Adult (18-24)", Table1[[#This Row],[Age_CLEAN]]<=34,"Adult (25-34)", Table1[[#This Row],[Age_CLEAN]]<=54,"Mid-Age (35-54)", Table1[[#This Row],[Age_CLEAN]]<=75,"Older Adult (55-75)", TRUE,"Out of Range" ))} -> Adult (25-34) | P34: Brampton / Ontari | Q34: ON | R34: 36.69 | S34: 20.08
A35: TXN-2023-000500 | B35: CUST-0223 | C35: 44960 | D35: Men's | E35: FEMALE | F35: 34 | G35: Mississauga,ONTARIO | H35: 1 | I35: 18.94 | J35: 9.78 | K35: Online | L35: 44960 | M35: Female | N35: 34 | O35: {=IF(OR(Table1[[#This Row],[Age_CLEAN]]="",Table1[[#This Row],[Age_CLEAN]]=0), "Unknown", _xlfn.IFS( Table1[[#This Row],[Age_CLEAN]]<=17,"Teen (13-17)", Table1[[#This Row],[Age_CLEAN]]<=24,"Young Adult (18-24)", Table1[[#This Row],[Age_CLEAN]]<=34,"Adult (25-34)", Table1[[#This Row],[Age_CLEAN]]<=54,"Mid-Age (35-54)", Table1[[#This Row],[Age_CLEAN]]<=75,"Older Adult (55-75)", TRUE,"Out of Range" ))} -> Adult (25-34) | P35: Mississauga,ONTARIO | Q35: ON | R35: 18.94 | S35: 9.78
A36: TXN-2023-000371 | B36: CUST-0279 | C36: 2023.12.25 | D36: Hand Soap & Sanitizer | E36: F | F36: 14 | G36: St. John's Newfoundland and Labrado | H36: 1 | I36: 8 | J36: 2.86 | K36: Online | L36: 45285 | M36: Female | N36: 14 | O36: {=IF(OR(Table1[[#This Row],[Age_CLEAN]]="",Table1[[#This Row],[Age_CLEAN]]=0), "Unknown", _xlfn.IFS( Table1[[#This Row],[Age_CLEAN]]<=17,"Teen (13-17)", Table1[[#This Row],[Age_CLEAN]]<=24,"Young Adult (18-24)", Table1[[#This Row],[Age_CLEAN]]<=34,"Adult (25-34)", Table1[[#This Row],[Age_CLEAN]]<=54,"Mid-Age (35-54)", Table1[[#This Row],[Age_CLEAN]]<=75,"Older Adult (55-75)", TRUE,"Out of Range" ))} -> Teen (13-17) | P36: St. John's Newfoundland and Labrado | Q36: NL | R36: 8 | S36: 2.86
A37: TXN-2024-000199 | B37: CUST-0110 | C37: 45647 | D37: Candles | E37: Male | F37: Thirty | G37: Laval-qc | H37: 3 | I37: 210.48 | K37: Online | L37: 45647 | M37: Male | N37: 30 | O37: {=IF(OR(Table1[[#This Row],[Age_CLEAN]]="",Table1[[#This Row],[Age_CLEAN]]=0), "Unknown", _xlfn.IFS( Table1[[#This Row],[Age_CLEAN]]<=17,"Teen (13-17)", Table1[[#This Row],[Age_CLEAN]]<=24,"Young Adult (18-24)", Table1[[#This Row],[Age_CLEAN]]<=34,"Adult (25-34)", Table1[[#This Row],[Age_CLEAN]]<=54,"Mid-Age (35-54)", Table1[[#This Row],[Age_CLEAN]]<=75,"Older Adult (55-75)", TRUE,"Out of Range" ))} -> Adult (25-34) | P37: Laval-qc | Q37: QC | R37: 210.48
A38: TXN-2023-000688 | B38: CUST-0155 | C38: 05/11/2023 | D38: Candles | E38: Female | F38: 38 | G38: on - Vaughan | H38: 3 | I38: 124.14 | J38: 47.04 | K38: Store | L38: 45235 | M38: Female | N38: 38 | O38: {=IF(OR(Table1[[#This Row],[Age_CLEAN]]="",Table1[[#This Row],[Age_CLEAN]]=0), "Unknown", _xlfn.IFS( Table1[[#This Row],[Age_CLEAN]]<=17,"Teen (13-17)", Table1[[#This Row],[Age_CLEAN]]<=24,"Young Adult (18-24)", Table1[[#This Row],[Age_CLEAN]]<=34,"Adult (25-34)", Table1[[#This Row],[Age_CLEAN]]<=54,"Mid-Age (35-54)", Table1[[#This Row],[Age_CLEAN]]<=75,"Older Adult (55-75)", TRUE,"Out of Range" ))} -> Mid-Age (35-54) | P38: on - Vaughan | Q38: ON | R38: 124.14 | S38: 47.04
A39: TXN-2024-000585 | B39: CUST-0193 | C39: 2024.08.12 | D39: Hand Soap & Sanitizer | E39: FEMALE | F39: 26 | G39: Quebec - Longueuil | H39: 2 | I39: CAD 37.33 | J39: 8.86 | K39: Store | L39: 45516 | M39: Female | N39: 26 | O39: {=IF(OR(Table1[[#This Row],[Age_CLEAN]]="",Table1[[#This Row],[Age_CLEAN]]=0), "Unknown", _xlfn.IFS( Table1[[#This Row],[Age_CLEAN]]<=17,"Teen (13-17)", Table1[[#This Row],[Age_CLEAN]]<=24,"Young Adult (18-24)", Table1[[#This Row],[Age_CLEAN]]<=34,"Adult (25-34)", Table1[[#This Row],[Age_CLEAN]]<=54,"Mid-Age (35-54)", Table1[[#This Row],[Age_CLEAN]]<=75,"Older Adult (55-75)", TRUE,"Out of Range" ))} -> Adult (25-34) | P39: Quebec - Longueuil | Q39: QC | R39: 37.33 | S39: 8.86
A40: TXN-2024-000902 | B40: CUST-0211 | C40: 02/07/2024 | D40: Wallflower & Air Freshener | E40: F | F40: 33 | G40: London-on | H40: 1 | I40: 4.84 | J40: 2.2 | K40: Online | L40: 45475 | M40: Female | N40: 33 | O40: {=IF(OR(Table1[[#This Row],[Age_CLEAN]]="",Table1[[#This Row],[Age_CLEAN]]=0), "Unknown", _xlfn.IFS( Table1[[#This Row],[Age_CLEAN]]<=17,"Teen (13-17)", Table1[[#This Row],[Age_CLEAN]]<=24,"Young Adult (18-24)", Table1[[#This Row],[Age_CLEAN]]<=34,"Adult (25-34)", Table1[[#This Row],[Age_CLEAN]]<=54,"Mid-Age (35-54)", Table1[[#This Row],[Age_CLEAN]]<=75,"Older Adult (55-75)", TRUE,"Out of Range" ))} -> Adult (25-34) | P40: London-on | Q40: ON | R40: 4.84 | S40: 2.2
A41: TXN-2024-000060 | B41: CUST-0316 | C41: 44985 | D41: Candles | E41: FEMALE | F41: 44 | G41: Sherbrooke, Quebec | H41: 2 | I41: 94.83 | J41: 46.75 | K41: Online | L41: 44985 | M41: Female | N41: 44 | O41: {=IF(OR(Table1[[#This Row],[Age_CLEAN]]="",Table1[[#This Row],[Age_CLEAN]]=0), "Unknown", _xlfn.IFS( Table1[[#This Row],[Age_CLEAN]]<=17,"Teen (13-17)", Table1[[#This Row],[Age_CLEAN]]<=24,"Young Adult (18-24)", Table1[[#This Row],[Age_CLEAN]]<=34,"Adult (25-34)", Table1[[#This Row],[Age_CLEAN]]<=54,"Mid-Age (35-54)", Table1[[#This Row],[Age_CLEAN]]<=75,"Older Adult (55-75)", TRUE,"Out of Range" ))} -> Mid-Age (35-54) | P41: Sherbrooke, Quebec | Q41: QC | R41: 94.83 | S41: 46.75
A42: TXN-2023-000329 | B42: CUST-0124 | C42: 44955 | D42: Men's | E42: male | F42: 57 | G42: Surrey-BRITISH COLUMBIA | H42: 2 | I42: 26.02 | J42: 7.22 | K42: Online | L42: 44955 | M42: Male | N42: 57 | O42: {=IF(OR(Table1[[#This Row],[Age_CLEAN]]="",Table1[[#This Row],[Age_CLEAN]]=0), "Unknown", _xlfn.IFS( Table1[[#This Row],[Age_CLEAN]]<=17,"Teen (13-17)", Table1[[#This Row],[Age_CLEAN]]<=24,"Young Adult (18-24)", Table1[[#This Row],[Age_CLEAN]]<=34,"Adult (25-34)", Table1[[#This Row],[Age_CLEAN]]<=54,"Mid-Age (35-54)", Table1[[#This Row],[Age_CLEAN]]<=75,"Older Adult (55-75)", TRUE,"Out of Range" ))} -> Older Adult (55-75) | P42: Surrey-BRITISH COLUMBIA | Q42: BC | R42: 26.02 | S42: 7.22
A43: TXN-2023-000097 | B43: CUST-0152 | C43: 01/25/2023 | D43: Candles | E43: N/A | F43: 75 | G43: Vancouver, British Columbia | H43: 1 | I43: 40.2 | J43: 17.03 | K43: Store | L43: 44951 | M43: Unknown | N43: 75 | O43: {=IF(OR(Table1[[#This Row],[Age_CLEAN]]="",Table1[[#This Row],[Age_CLEAN]]=0), "Unknown", _xlfn.IFS( Table1[[#This Row],[Age_CLEAN]]<=17,"Teen (13-17)", Table1[[#This Row],[Age_CLEAN]]<=24,"Young Adult (18-24)", Table1[[#This Row],[Age_CLEAN]]<=34,"Adult (25-34)", Table1[[#This Row],[Age_CLEAN]]<=54,"Mid-Age (35-54)", Table1[[#This Row],[Age_CLEAN]]<=75,"Older Adult (55-75)", TRUE,"Out of Range" ))} -> Older Adult (55-75) | P43: Vancouver, British Columbia | Q43: BC | R43: 40.2 | S43: 17.03
A44: TXN-2024-000313 | B44: CUST-0161 | C44: 45451 | D44: Hand Soap & Sanitizer | E44: Male | F44: 20 | G44: Saskatoon-Saskatch3wan | H44: 1 | I44: 22.47 | J44: 10.57 CAD | K44: Online | L44: 45451 | M44: Male | N44: 20 | O44: {=IF(OR(Table1[[#This Row],[Age_CLEAN]]="",Table1[[#This Row],[Age_CLEAN]]=0), "Unknown", _xlfn.IFS( Table1[[#This Row],[Age_CLEAN]]<=17,"Teen (13-17)", Table1[[#This Row],[Age_CLEAN]]<=24,"Young Adult (18-24)", Table1[[#This Row],[Age_CLEAN]]<=34,"Adult (25-34)", Table1[[#This Row],[Age_CLEAN]]<=54,"Mid-Age (35-54)", Table1[[#This Row],[Age_CLEAN]]<=75,"Older Adult (55-75)", TRUE,"Out of Range" ))} -> Young Adult (18-24) | P44: Saskatoon-Saskatch3wan | Q44: SK | R44: 22.47 | S44: 10.57
A45: TXN-2024-000413 | B45: CUST-0125 | C45: 01/20/2024 | D45: Men's | E45: MALE | F45: 42 | G45: Kelowna / British Columbi | H45: 1 | I45: â€” | J45: 6.7 | K45: Online | L45: 45311 | M45: Male | N45: 42 | O45: {=IF(OR(Table1[[#This Row],[Age_CLEAN]]="",Table1[[#This Row],[Age_CLEAN]]=0), "Unknown", _xlfn.IFS( Table1[[#This Row],[Age_CLEAN]]<=17,"Teen (13-17)", Table1[[#This Row],[Age_CLEAN]]<=24,"Young Adult (18-24)", Table1[[#This Row],[Age_CLEAN]]<=34,"Adult (25-34)", Table1[[#This Row],[Age_CLEAN]]<=54,"Mid-Age (35-54)", Table1[[#This Row],[Age_CLEAN]]<=75,"Older Adult (55-75)", TRUE,"Out of Range" ))} -> Mid-Age (35-54) | P45: Kelowna / British Columbi | Q45: BC | S45: 6.7
A46: TXN-2023-000300 | B46: CUST-0229 | C46: 25/03/2023 | D46: Body Care | E46: M | F46: 19 | G46: Windsor ONTARIO | H46: 5 | I46: 82.49 | J46: CAD 19.50 | K46: Store | L46: 45010 | M46: Male | N46: 19 | O46: {=IF(OR(Table1[[#This Row],[Age_CLEAN]]="",Table1[[#This Row],[Age_CLEAN]]=0), "Unknown", _xlfn.IFS( Table1[[#This Row],[Age_CLEAN]]<=17,"Teen (13-17)", Table1[[#This Row],[Age_CLEAN]]<=24,"Young Adult (18-24)", Table1[[#This Row],[Age_CLEAN]]<=34,"Adult (25-34)", Table1[[#This Row],[Age_CLEAN]]<=54,"Mid-Age (35-54)", Table1[[#This Row],[Age_CLEAN]]<=75,"Older Adult (55-75)", TRUE,"Out of Range" ))} -> Young Adult (18-24) | P46: Windsor ONTARIO | Q46: ON | R46: 82.49 | S46: 19.5
A47: TXN-2023-000278 | B47: CUST-0309 | C47: 7/6/2023 | D47: Men's | E47: male | F47: 50 | G47: Red Deer Alberta | H47: 1 | I47: 10.37 | J47: 5.19 | K47: Store | L47: 45084 | M47: Male | N47: 50 | O47: {=IF(OR(Table1[[#This Row],[Age_CLEAN]]="",Table1[[#This Row],[Age_CLEAN]]=0), "Unknown", _xlfn.IFS( Table1[[#This Row],[Age_CLEAN]]<=17,"Teen (13-17)", Table1[[#This Row],[Age_CLEAN]]<=24,"Young Adult (18-24)", Table1[[#This Row],[Age_CLEAN]]<=34,"Adult (25-34)", Table1[[#This Row],[Age_CLEAN]]<=54,"Mid-Age (35-54)", Table1[[#This Row],[Age_CLEAN]]<=75,"Older Adult (55-75)", TRUE,"Out of Range" ))} -> Mid-Age (35-54) | P47: Red Deer Alberta | Q47: AB | R47: 10.37 | S47: 5.19
A48: TXN-2024-000925 | B48: CUST-0028 | C48: 45497 | D48: Body Care | E48: F | F48: 68 | G48: Montreal,qc | H48: 2 | I48: 39.19 | J48: 11.50 CAD | K48: Store | L48: 45497 | M48: Female | N48: 68 | O48: {=IF(OR(Table1[[#This Row],[Age_CLEAN]]="",Table1[[#This Row],[Age_CLEAN]]=0), "Unknown", _xlfn.IFS( Table1[[#This Row],[Age_CLEAN]]<=17,"Teen (13-17)", Table1[[#This Row],[Age_CLEAN]]<=24,"Young Adult (18-24)", Table1[[#This Row],[Age_CLEAN]]<=34,"Adult (25-34)", Table1[[#This Row],[Age_CLEAN]]<=54,"Mid-Age (35-54)", Table1[[#This Row],[Age_CLEAN]]<=75,"Older Adult (55-75)", TRUE,"Out of Range" ))} -> Older Adult (55-75) | P48: Montreal,qc | Q48: QC | R48: 39.19 | S48: 11.5
A49: TXN-2024-000602 | B49: CUST-0217 | C49: 2024.12.09 | D49: Men's | E49: male | F49: 34 | G49: Burnaby,British Columbia | H49: 3 | J49: 49.38 | K49: Online | L49: 45635 | M49: Male | N49: 34 | O49: {=IF(OR(Table1[[#This Row],[Age_CLEAN]]="",Table1[[#This Row],[Age_CLEAN]]=0), "Unknown", _xlfn.IFS( Table1[[#This Row],[Age_CLEAN]]<=17,"Teen (13-17)", Table1[[#This Row],[Age_CLEAN]]<=24,"Young Adult (18-24)", Table1[[#This Row],[Age_CLEAN]]<=34,"Adult (25-34)", Table1[[#This Row],[Age_CLEAN]]<=54,"Mid-Age (35-54)", Table1[[#This Row],[Age_CLEAN]]<=75,"Older Adult (55-75)", TRUE,"Out of Range" ))} -> Adult (25-34) | P49: Burnaby,British Columbia | Q49: BC | S49: 49.38
A50: TXN-2023-000440 | B50: CUST-0291 | C50: 2023.01.24 | D50: Hand Soap & Sanitizer | E50: Female | F50: 53 | G50: Sherbrooke Quebe | H50: 1 | I50: 19.01 | J50: 4.43 | K50: Store | L50: 44950 | M50: Female | N50: 53 | O50: {=IF(OR(Table1[[#This Row],[Age_CLEAN]]="",Table1[[#This Row],[Age_CLEAN]]=0), "Unknown", _xlfn.IFS( Table1[[#This Row],[Age_CLEAN]]<=17,"Teen (13-17)", Table1[[#This Row],[Age_CLEAN]]<=24,"Young Adult (18-24)", Table1[[#This Row],[Age_CLEAN]]<=34,"Adult (25-34)", Table1[[#This Row],[Age_CLEAN]]<=54,"Mid-Age (35-54)", Table1[[#This Row],[Age_CLEAN]]<=75,"Older Adult (55-75)", TRUE,"Out of Range" ))} -> Mid-Age (35-54) | P50: Sherbrooke Quebe | Q50: QC | R50: 19.01 | S50: 4.43
A51: TXN-2024-000838 | B51: CUST-0106 | C51: 31-May-2024 | D51: Candles | E51: male | F51: 31 | G51: Sherbrooke Quebec | H51: 2 | I51: 70.7 | J51: 35.2 | K51: Store | L51: 45443 | M51: Male | N51: 31 | O51: {=IF(OR(Table1[[#This Row],[Age_CLEAN]]="",Table1[[#This Row],[Age_CLEAN]]=0), "Unknown", _xlfn.IFS( Table1[[#This Row],[Age_CLEAN]]<=17,"Teen (13-17)", Table1[[#This Row],[Age_CLEAN]]<=24,"Young Adult (18-24)", Table1[[#This Row],[Age_CLEAN]]<=34,"Adult (25-34)", Table1[[#This Row],[Age_CLEAN]]<=54,"Mid-Age (35-54)", Table1[[#This Row],[Age_CLEAN]]<=75,"Older Adult (55-75)", TRUE,"Out of Range" ))} -> Adult (25-34) | P51: Sherbrooke Quebec | Q51: QC | R51: 70.7 | S51: 35.2
A52: TXN-2024-000571 | B52: CUST-0170 | C52: 01/06/2024 | D52: Wallflower & Air Freshener | E52: Male | F52: 26 | G52: Windsor (ON) | H52: 6 | I52: 77.78 | J52: 21.86 | K52: Online | L52: 45444 | M52: Male | N52: 26 | O52: {=IF(OR(Table1[[#This Row],[Age_CLEAN]]="",Table1[[#This Row],[Age_CLEAN]]=0), "Unknown", _xlfn.IFS( Table1[[#This Row],[Age_CLEAN]]<=17,"Teen (13-17)", Table1[[#This Row],[Age_CLEAN]]<=24,"Young Adult (18-24)", Table1[[#This Row],[Age_CLEAN]]<=34,"Adult (25-34)", Table1[[#This Row],[Age_CLEAN]]<=54,"Mid-Age (35-54)", Table1[[#This Row],[Age_CLEAN]]<=75,"Older Adult (55-75)", TRUE,"Out of Range" ))} -> Adult (25-34) | P52: Windsor (ON) | Q52: ON | R52: 77.78 | S52: 21.86
A53: TXN-2024-000880 | B53: CUST-0260 | C53: 45312 | D53: Men's | E53: Prefer not to say | F53: 25 | G53: Vancouver (BRITISH COLUMBIA) | H53: 2 | I53: 64.26 | J53: 22.9 | K53: Online | L53: 45312 | M53: Prefer not to say | N53: 25 | O53: {=IF(OR(Table1[[#This Row],[Age_CLEAN]]="",Table1[[#This Row],[Age_CLEAN]]=0), "Unknown", _xlfn.IFS( Table1[[#This Row],[Age_CLEAN]]<=17,"Teen (13-17)", Table1[[#This Row],[Age_CLEAN]]<=24,"Young Adult (18-24)", Table1[[#This Row],[Age_CLEAN]]<=34,"Adult (25-34)", Table1[[#This Row],[Age_CLEAN]]<=54,"Mid-Age (35-54)", Table1[[#This Row],[Age_CLEAN]]<=75,"Older Adult (55-75)", TRUE,"Out of Range" ))} -> Adult (25-34) | P53: Vancouver (BRITISH COLUMBIA) | Q53: BC | R53: 64.26 | S53: 22.9
A54: TXN-2024-000262 | B54: CUST-0297 | C54: 45418 | D54: Hand Soap & Sanitizer | E54: F | F54: 54 | G54: Brandon Manitoba | H54: 3 | I54: 17,59 | J54: CAD 8.19 | K54: Store | L54: 45418 | M54: Female | N54: 54 | O54: {=IF(OR(Table1[[#This Row],[Age_CLEAN]]="",Table1[[#This Row],[Age_CLEAN]]=0), "Unknown", _xlfn.IFS( Table1[[#This Row],[Age_CLEAN]]<=17,"Teen (13-17)", Table1[[#This Row],[Age_CLEAN]]<=24,"Young Adult (18-24)", Table1[[#This Row],[Age_CLEAN]]<=34,"Adult (25-34)", Table1[[#This Row],[Age_CLEAN]]<=54,"Mid-Age (35-54)", Table1[[#This Row],[Age_CLEAN]]<=75,"Older Adult (55-75)", TRUE,"Out of Range" ))} -> Mid-Age (35-54) | P54: Brandon Manitoba | Q54: MB | R54: 17.59 | S54: 8.19
A55: TXN-2023-000579 | B55: CUST-0149 | C55: 45148 | D55: Men's | E55: F | F55: 53 | G55: SASKATCHEWAN - Saskatoon | H55: 2 | I55: 47.65 | J55: 10.86 | K55: Store | L55: 45148 | M55: Female | N55: 53 | O55: {=IF(OR(Table1[[#This Row],[Age_CLEAN]]="",Table1[[#This Row],[Age_CLEAN]]=0), "Unknown", _xlfn.IFS( Table1[[#This Row],[Age_CLEAN]]<=17,"Teen (13-17)", Table1[[#This Row],[Age_CLEAN]]<=24,"Young Adult (18-24)", Table1[[#This Row],[Age_CLEAN]]<=34,"Adult (25-34)", Table1[[#This Row],[Age_CLEAN]]<=54,"Mid-Age (35-54)", Table1[[#This Row],[Age_CLEAN]]<=75,"Older Adult (55-75)", TRUE,"Out of Range" ))} -> Mid-Age (35-54) | P55: SASKATCHEWAN - Saskatoon | Q55: SK | R55: 47.65 | S55: 10.86
A56: TXN-2023-000024 | B56: Cust-0225 | C56: 45268 | D56: Hand Soap & Sanitizer | E56: Male | F56: 33 | G56: Kitchener on | H56: 1 | I56: CAD 4.36 | J56: 1.78 | K56: Online | L56: 45268 | M56: Male | N56: 33 | O56: {=IF(OR(Table1[[#This Row],[Age_CLEAN]]="",Table1[[#This Row],[Age_CLEAN]]=0), "Unknown", _xlfn.IFS( Table1[[#This Row],[Age_CLEAN]]<=17,"Teen (13-17)", Table1[[#This Row],[Age_CLEAN]]<=24,"Young Adult (18-24)", Table1[[#This Row],[Age_CLEAN]]<=34,"Adult (25-34)", Table1[[#This Row],[Age_CLEAN]]<=54,"Mid-Age (35-54)", Table1[[#This Row],[Age_CLEAN]]<=75,"Older Adult (55-75)", TRUE,"Out of Range" ))} -> Adult (25-34) | P56: Kitchener on | Q56: ON | R56: 4.36 | S56: 1.78
A57: TXN-2023-000031 | B57: CUST-0237 | C57: 45025 | D57: Hand Soap & Sanitizer | E57: FEMALE | F57: 21 | G57: Mississauga Ontari | H57: 1 | I57: 3.63 | J57: 2.22 | K57: Store | L57: 45025 | M57: Female | N57: 21 | O57: {=IF(OR(Table1[[#This Row],[Age_CLEAN]]="",Table1[[#This Row],[Age_CLEAN]]=0), "Unknown", _xlfn.IFS( Table1[[#This Row],[Age_CLEAN]]<=17,"Teen (13-17)", Table1[[#This Row],[Age_CLEAN]]<=24,"Young Adult (18-24)", Table1[[#This Row],[Age_CLEAN]]<=34,"Adult (25-34)", Table1[[#This Row],[Age_CLEAN]]<=54,"Mid-Age (35-54)", Table1[[#This Row],[Age_CLEAN]]<=75,"Older Adult (55-75)", TRUE,"Out of Range" ))} -> Young Adult (18-24) | P57: Mississauga Ontari | Q57: ON | R57: 3.63 | S57: 2.22
A58: TXN-2024-000618 | B58: CUST-0247 | C58: 04/10/2024 | D58: Body Care | E58: F | F58: 35 | G58: Victoria / BRITISH COLUMBIA | H58: 2 | I58: 10,79 | J58: 3,82 | K58: Store | L58: 45569 | M58: Female | N58: 35 | O58: {=IF(OR(Table1[[#This Row],[Age_CLEAN]]="",Table1[[#This Row],[Age_CLEAN]]=0), "Unknown", _xlfn.IFS( Table1[[#This Row],[Age_CLEAN]]<=17,"Teen (13-17)", Table1[[#This Row],[Age_CLEAN]]<=24,"Young Adult (18-24)", Table1[[#This Row],[Age_CLEAN]]<=34,"Adult (25-34)", Table1[[#This Row],[Age_CLEAN]]<=54,"Mid-Age (35-54)", Table1[[#This Row],[Age_CLEAN]]<=75,"Older Adult (55-75)", TRUE,"Out of Range" ))} -> Mid-Age (35-54) | P58: Victoria / BRITISH COLUMBIA | Q58: BC | R58: 10.79 | S58: 3.82
A59: TXN-2024-000011 | B59: CUST-0113 | C59: 45566 | D59: Men's | E59: Male | F59: 13 | G59: Sherbrooke, Quebe | H59: 3 | I59: 91,13 | J59: 44.45 | K59: Online | L59: 45566 | M59: Male | N59: 13 | O59: {=IF(OR(Table1[[#This Row],[Age_CLEAN]]="",Table1[[#This Row],[Age_CLEAN]]=0), "Unknown", _xlfn.IFS( Table1[[#This Row],[Age_CLEAN]]<=17,"Teen (13-17)", Table1[[#This Row],[Age_CLEAN]]<=24,"Young Adult (18-24)", Table1[[#This Row],[Age_CLEAN]]<=34,"Adult (25-34)", Table1[[#This Row],[Age_CLEAN]]<=54,"Mid-Age (35-54)", Table1[[#This Row],[Age_CLEAN]]<=75,"Older Adult (55-75)", TRUE,"Out of Range" ))} -> Teen (13-17) | P59: Sherbrooke, Quebe | Q59: QC | R59: 91.13 | S59: 44.45
A60: TXN-2024-000222 | B60: CUST-0226 | C60: 09/25/2024 | D60: Wallflower & Air Freshener | E60: N/A | F60: 54 | G60: Kitchener ONTARIO | H60: 1 | I60: 28.04 CAD | J60: 11.84 | K60: Online | L60: 45560 | M60: Unknown | N60: 54 | O60: {=IF(OR(Table1[[#This Row],[Age_CLEAN]]="",Table1[[#This Row],[Age_CLEAN]]=0), "Unknown", _xlfn.IFS( Table1[[#This Row],[Age_CLEAN]]<=17,"Teen (13-17)", Table1[[#This Row],[Age_CLEAN]]<=24,"Young Adult (18-24)", Table1[[#This Row],[Age_CLEAN]]<=34,"Adult (25-34)", Table1[[#This Row],[Age_CLEAN]]<=54,"Mid-Age (35-54)", Table1[[#This Row],[Age_CLEAN]]<=75,"Older Adult (55-75)", TRUE,"Out of Range" ))} -> Mid-Age (35-54) | P60: Kitchener ONTARIO | Q60: ON | R60: 28.04 | S60: 11.84
A61: TXN-2023-000821 | B61: CUST-0207 | C61: 2023.05.15 | D61: Wallflower & Air Freshener | E61: Male | F61: 22 | G61: Markham,ON | H61: 1 | I61: 13.57 | J61: 2.75 | K61: Store | L61: 45061 | M61: Male | N61: 22 | O61: {=IF(OR(Table1[[#This Row],[Age_CLEAN]]="",Table1[[#This Row],[Age_CLEAN]]=0), "Unknown", _xlfn.IFS( Table1[[#This Row],[Age_CLEAN]]<=17,"Teen (13-17)", Table1[[#This Row],[Age_CLEAN]]<=24,"Young Adult (18-24)", Table1[[#This Row],[Age_CLEAN]]<=34,"Adult (25-34)", Table1[[#This Row],[Age_CLEAN]]<=54,"Mid-Age (35-54)", Table1[[#This Row],[Age_CLEAN]]<=75,"Older Adult (55-75)", TRUE,"Out of Range" ))} -> Young Adult (18-24) | P61: Markham,ON | Q61: ON | R61: 13.57 | S61: 2.75
A62: TXN-2024-000297 | B62: CUST-0153 | C62: 45436 | D62: Body Care | E62: MALE | F62: 38 | G62: Toronto,Ontario | H62: 1 | I62: 17,52 | J62: 4.68 | K62: Online | L62: 45436 | M62: Male | N62: 38 | O62: {=IF(OR(Table1[[#This Row],[Age_CLEAN]]="",Table1[[#This Row],[Age_CLEAN]]=0), "Unknown", _xlfn.IFS( Table1[[#This Row],[Age_CLEAN]]<=17,"Teen (13-17)", Table1[[#This Row],[Age_CLEAN]]<=24,"Young Adult (18-24)", Table1[[#This Row],[Age_CLEAN]]<=34,"Adult (25-34)", Table1[[#This Row],[Age_CLEAN]]<=54,"Mid-Age (35-54)", Table1[[#This Row],[Age_CLEAN]]<=75,"Older Adult (55-75)", TRUE,"Out of Range" ))} -> Mid-Age (35-54) | P62: Toronto,Ontario | Q62: ON | R62: 17.52 | S62: 4.68
A63: TXN-2024-000055 | B63: CUST-0020 | C63: 2024.03.30 | D63: Hand Soap & Sanitizer | E63: FEMALE | F63: 23 | G63: Quebec - Longueuil | H63: 3 | I63: 29.51 | J63: 16.69 | K63: Store | L63: 45381 | M63: Female | N63: 23 | O63: {=IF(OR(Table1[[#This Row],[Age_CLEAN]]="",Table1[[#This Row],[Age_CLEAN]]=0), "Unknown", _xlfn.IFS( Table1[[#This Row],[Age_CLEAN]]<=17,"Teen (13-17)", Table1[[#This Row],[Age_CLEAN]]<=24,"Young Adult (18-24)", Table1[[#This Row],[Age_CLEAN]]<=34,"Adult (25-34)", Table1[[#This Row],[Age_CLEAN]]<=54,"Mid-Age (35-54)", Table1[[#This Row],[Age_CLEAN]]<=75,"Older Adult (55-75)", TRUE,"Out of Range" ))} -> Young Adult (18-24) | P63: Quebec - Longueuil | Q63: QC | R63: 29.51 | S63: 16.69
A64: TXN-2024-000543 | B64: CUST-0083 | C64: 45588 | D64: Hand Soap & Sanitizer | E64: male | F64: 18 | G64: Surrey, bc | H64: -1 | I64: -4.59 | J64: -1.16 | K64: Online | L64: 45588 | M64: Male | N64: 18 | O64: {=IF(OR(Table1[[#This Row],[Age_CLEAN]]="",Table1[[#This Row],[Age_CLEAN]]=0), "Unknown", _xlfn.IFS( Table1[[#This Row],[Age_CLEAN]]<=17,"Teen (13-17)", Table1[[#This Row],[Age_CLEAN]]<=24,"Young Adult (18-24)", Table1[[#This Row],[Age_CLEAN]]<=34,"Adult (25-34)", Table1[[#This Row],[Age_CLEAN]]<=54,"Mid-Age (35-54)", Table1[[#This Row],[Age_CLEAN]]<=75,"Older Adult (55-75)", TRUE,"Out of Range" ))} -> Young Adult (18-24) | P64: Surrey, bc | Q64: BC | R64: -4.59 | S64: -1.16
A65: TXN-2024-000210 | B65: CUST-0230 | C65: 45333 | D65: Wallflower & Air Freshener | E65: F | F65: 51 | G65: Saskatoon / Saskatchewan | H65: 1 | I65: 12.04 | J65: 6.94 | K65: Store | L65: 45333 | M65: Female | N65: 51 | O65: {=IF(OR(Table1[[#This Row],[Age_CLEAN]]="",Table1[[#This Row],[Age_CLEAN]]=0), "Unknown", _xlfn.IFS( Table1[[#This Row],[Age_CLEAN]]<=17,"Teen (13-17)", Table1[[#This Row],[Age_CLEAN]]<=24,"Young Adult (18-24)", Table1[[#This Row],[Age_CLEAN]]<=34,"Adult (25-34)", Table1[[#This Row],[Age_CLEAN]]<=54,"Mid-Age (35-54)", Table1[[#This Row],[Age_CLEAN]]<=75,"Older Adult (55-75)", TRUE,"Out of Range" ))} -> Mid-Age (35-54) | P65: Saskatoon / Saskatchewan | Q65: SK | R65: 12.04 | S65: 6.94
A66: TXN-2023-000605 | B66: CUST-0118 | C66: 45268 | D66: Body Care | E66: Female | F66: 15 | G66: Sherbrooke / QC | H66: 1 | I66: 30.48 | J66: 11.06 | K66: Online | L66: 45268 | M66: Female | N66: 15 | O66: {=IF(OR(Table1[[#This Row],[Age_CLEAN]]="",Table1[[#This Row],[Age_CLEAN]]=0), "Unknown", _xlfn.IFS( Table1[[#This Row],[Age_CLEAN]]<=17,"Teen (13-17)", Table1[[#This Row],[Age_CLEAN]]<=24,"Young Adult (18-24)", Table1[[#This Row],[Age_CLEAN]]<=34,"Adult (25-34)", Table1[[#This Row],[Age_CLEAN]]<=54,"Mid-Age (35-54)", Table1[[#This Row],[Age_CLEAN]]<=75,"Older Adult (55-75)", TRUE,"Out of Range" ))} -> Teen (13-17) | P66: Sherbrooke / QC | Q66: QC | R66: 30.48 | S66: 11.06
A67: TXN-2023-000693 | B67: CUST-0196 | C67: 45204 | D67: Men's | E67: male | F67: 34 | G67: Toronto,Ontario | H67: 2 | I67: 35.83 CAD | J67: 13.29 | K67: Store | L67: 45204 | M67: Male | N67: 34 | O67: {=IF(OR(Table1[[#This Row],[Age_CLEAN]]="",Table1[[#This Row],[Age_CLEAN]]=0), "Unknown", _xlfn.IFS( Table1[[#This Row],[Age_CLEAN]]<=17,"Teen (13-17)", Table1[[#This Row],[Age_CLEAN]]<=24,"Young Adult (18-24)", Table1[[#This Row],[Age_CLEAN]]<=34,"Adult (25-34)", Table1[[#This Row],[Age_CLEAN]]<=54,"Mid-Age (35-54)", Table1[[#This Row],[Age_CLEAN]]<=75,"Older Adult (55-75)", TRUE,"Out of Range" ))} -> Adult (25-34) | P67: Toronto,Ontario | Q67: ON | R67: 35.83 | S67: 13.29
A68: TXN-2023-000663 | B68: CUST-0267 | C68: 11/26/2023 | D68: Men's | E68: FEMALE | F68: 46 | G68: Toronto (Ontario) | H68: 1 | I68: 28.11 | J68: 7.1 | K68: Store | L68: 45256 | M68: Female | N68: 46 | O68: {=IF(OR(Table1[[#This Row],[Age_CLEAN]]="",Table1[[#This Row],[Age_CLEAN]]=0), "Unknown", _xlfn.IFS( Table1[[#This Row],[Age_CLEAN]]<=17,"Teen (13-17)", Table1[[#This Row],[Age_CLEAN]]<=24,"Young Adult (18-24)", Table1[[#This Row],[Age_CLEAN]]<=34,"Adult (25-34)", Table1[[#This Row],[Age_CLEAN]]<=54,"Mid-Age (35-54)", Table1[[#This Row],[Age_CLEAN]]<=75,"Older Adult (55-75)", TRUE,"Out of Range" ))} -> Mid-Age (35-54) | P68: Toronto (Ontario) | Q68: ON | R68: 28.11 | S68: 7.1
A69: TXN-2023-000867 | B69: CUST-0177 | C69: 45164 | D69: Hand Soap & Sanitizer | E69: F | F69: 45 | G69: Calgary (ALBERTA) | H69: 1 | I69: CAD 12.10 | J69: 6.17 CAD | K69: Online | L69: 45164 | M69: Female | N69: 45 | O69: {=IF(OR(Table1[[#This Row],[Age_CLEAN]]="",Table1[[#This Row],[Age_CLEAN]]=0), "Unknown", _xlfn.IFS( Table1[[#This Row],[Age_CLEAN]]<=17,"Teen (13-17)", Table1[[#This Row],[Age_CLEAN]]<=24,"Young Adult (18-24)", Table1[[#This Row],[Age_CLEAN]]<=34,"Adult (25-34)", Table1[[#This Row],[Age_CLEAN]]<=54,"Mid-Age (35-54)", Table1[[#This Row],[Age_CLEAN]]<=75,"Older Adult (55-75)", TRUE,"Out of Range" ))} -> Mid-Age (35-54) | P69: Calgary (ALBERTA) | Q69: AB | R69: 12.1 | S69: 6.17
A70: TXN-2024-000071 | B70: CUST-0277 | C70: 06/08/2024 | D70: Hand Soap & Sanitizer | E70: N/A | F70: 27 | G70: London,on | H70: 1 | I70: 4.2 | J70: 1.27 | K70: Store | L70: 45510 | M70: Unknown | N70: 27 | O70: {=IF(OR(Table1[[#This Row],[Age_CLEAN]]="",Table1[[#This Row],[Age_CLEAN]]=0), "Unknown", _xlfn.IFS( Table1[[#This Row],[Age_CLEAN]]<=17,"Teen (13-17)", Table1[[#This Row],[Age_CLEAN]]<=24,"Young Adult (18-24)", Table1[[#This Row],[Age_CLEAN]]<=34,"Adult (25-34)", Table1[[#This Row],[Age_CLEAN]]<=54,"Mid-Age (35-54)", Table1[[#This Row],[Age_CLEAN]]<=75,"Older Adult (55-75)", TRUE,"Out of Range" ))} -> Adult (25-34) | P70: London,on | Q70: ON | R70: 4.2 | S70: 1.27
A71: TXN-2024-000544 | B71: CUST-0278 | C71: 01/13/2024 | D71: Candles | E71: FEMALE | F71: 51 | G71: Hamilton / ON | H71: 1 | I71: 19.67 | J71: 10,01 | K71: Store | L71: 45304 | M71: Female | N71: 51 | O71: {=IF(OR(Table1[[#This Row],[Age_CLEAN]]="",Table1[[#This Row],[Age_CLEAN]]=0), "Unknown", _xlfn.IFS( Table1[[#This Row],[Age_CLEAN]]<=17,"Teen (13-17)", Table1[[#This Row],[Age_CLEAN]]<=24,"Young Adult (18-24)", Table1[[#This Row],[Age_CLEAN]]<=34,"Adult (25-34)", Table1[[#This Row],[Age_CLEAN]]<=54,"Mid-Age (35-54)", Table1[[#This Row],[Age_CLEAN]]<=75,"Older Adult (55-75)", TRUE,"Out of Range" ))} -> Mid-Age (35-54) | P71: Hamilton / ON | Q71: ON | R71: 19.67 | S71: 10.01
A72: TXN-2023-000108 | B72: CUST-0085 | C72: 2023.12.28 | D72: Body Care | E72: male | F72: 14 | G72: Montreal QUEBEC | H72: 3 | I72: 95.21 | J72: 45.8 | K72: Online | L72: 45288 | M72: Male | N72: 14 | O72: {=IF(OR(Table1[[#This Row],[Age_CLEAN]]="",Table1[[#This Row],[Age_CLEAN]]=0), "Unknown", _xlfn.IFS( Table1[[#This Row],[Age_CLEAN]]<=17,"Teen (13-17)", Table1[[#This Row],[Age_CLEAN]]<=24,"Young Adult (18-24)", Table1[[#This Row],[Age_CLEAN]]<=34,"Adult (25-34)", Table1[[#This Row],[Age_CLEAN]]<=54,"Mid-Age (35-54)", Table1[[#This Row],[Age_CLEAN]]<=75,"Older Adult (55-75)", TRUE,"Out of Range" ))} -> Teen (13-17) | P72: Montreal QUEBEC | Q72: QC | R72: 95.21 | S72: 45.8
A73: TXN-2023-000494 | B73: CUST-0115 | C73: 45028 | D73: Hand Soap & Sanitizer | E73: male | F73: 20 | G73: Brampton (Ontario) | H73: 1 | I73: 11.52 | J73: 6,79 | K73: Online | L73: 45028 | M73: Male | N73: 20 | O73: {=IF(OR(Table1[[#This Row],[Age_CLEAN]]="",Table1[[#This Row],[Age_CLEAN]]=0), "Unknown", _xlfn.IFS( Table1[[#This Row],[Age_CLEAN]]<=17,"Teen (13-17)", Table1[[#This Row],[Age_CLEAN]]<=24,"Young Adult (18-24)", Table1[[#This Row],[Age_CLEAN]]<=34,"Adult (25-34)", Table1[[#This Row],[Age_CLEAN]]<=54,"Mid-Age (35-54)", Table1[[#This Row],[Age_CLEAN]]<=75,"Older Adult (55-75)", TRUE,"Out of Range" ))} -> Young Adult (18-24) | P73: Brampton (Ontario) | Q73: ON | R73: 11.52 | S73: 6.79
A74: TXN-2023-000591 | B74: CUST-0133 | C74: 2023.06.02 | D74: Candles | E74: FEMALE | F74: 42 | G74: Vancouver, BritishColumbia | H74: 6 | I74: 272.41 | J74: 154.34 | K74: Store | L74: 45079 | M74: Female | N74: 42 | O74: {=IF(OR(Table1[[#This Row],[Age_CLEAN]]="",Table1[[#This Row],[Age_CLEAN]]=0), "Unknown", _xlfn.IFS( Table1[[#This Row],[Age_CLEAN]]<=17,"Teen (13-17)", Table1[[#This Row],[Age_CLEAN]]<=24,"Young Adult (18-24)", Table1[[#This Row],[Age_CLEAN]]<=34,"Adult (25-34)", Table1[[#This Row],[Age_CLEAN]]<=54,"Mid-Age (35-54)", Table1[[#This Row],[Age_CLEAN]]<=75,"Older Adult (55-75)", TRUE,"Out of Range" ))} -> Mid-Age (35-54) | P74: Vancouver, BritishColumbia | Q74: BC | R74: 272.41 | S74: 154.34
A75: TXN-2023-000742 | B75: CUST-0083 | C75: 2023.05.20 | D75: Candles | E75: Female | F75: N/A | G75: Ontario - Kitchener | H75: 2 | I75: 40.87 | J75: 24.38 | K75: Online | L75: 45066 | M75: Female | O75: {=IF(OR(Table1[[#This Row],[Age_CLEAN]]="",Table1[[#This Row],[Age_CLEAN]]=0), "Unknown", _xlfn.IFS( Table1[[#This Row],[Age_CLEAN]]<=17,"Teen (13-17)", Table1[[#This Row],[Age_CLEAN]]<=24,"Young Adult (18-24)", Table1[[#This Row],[Age_CLEAN]]<=34,"Adult (25-34)", Table1[[#This Row],[Age_CLEAN]]<=54,"Mid-Age (35-54)", Table1[[#This Row],[Age_CLEAN]]<=75,"Older Adult (55-75)", TRUE,"Out of Range" ))} -> Unknown | P75: Ontario - Kitchener | Q75: ON | R75: 40.87 | S75: 24.38
A76: TXN-2023-000293 | B76: CUST-0024 | C76: 05/31/2023 | D76: Body Care | F76: 44 | G76: Longueuil, Quebec | H76: 2 | I76: 26.84 | J76: 13.53 | K76: Online | L76: 45077 | M76: Unknown | N76: 44 | O76: {=IF(OR(Table1[[#This Row],[Age_CLEAN]]="",Table1[[#This Row],[Age_CLEAN]]=0), "Unknown", _xlfn.IFS( Table1[[#This Row],[Age_CLEAN]]<=17,"Teen (13-17)", Table1[[#This Row],[Age_CLEAN]]<=24,"Young Adult (18-24)", Table1[[#This Row],[Age_CLEAN]]<=34,"Adult (25-34)", Table1[[#This Row],[Age_CLEAN]]<=54,"Mid-Age (35-54)", Table1[[#This Row],[Age_CLEAN]]<=75,"Older Adult (55-75)", TRUE,"Out of Range" ))} -> Mid-Age (35-54) | P76: Longueuil, Quebec | Q76: QC | R76: 26.84 | S76: 13.53
A77: TXN-2023-000290 | B77: CUST-0060 | C77: 44951 | D77: Wallflower & Air Freshener | E77: MALE | F77: 58 | G77: Vaughan ON | H77: 1 | I77: 6,28 | J77: 2.27 | K77: Store | L77: 44951 | M77: Male | N77: 58 | O77: {=IF(OR(Table1[[#This Row],[Age_CLEAN]]="",Table1[[#This Row],[Age_CLEAN]]=0), "Unknown", _xlfn.IFS( Table1[[#This Row],[Age_CLEAN]]<=17,"Teen (13-17)", Table1[[#This Row],[Age_CLEAN]]<=24,"Young Adult (18-24)", Table1[[#This Row],[Age_CLEAN]]<=34,"Adult (25-34)", Table1[[#This Row],[Age_CLEAN]]<=54,"Mid-Age (35-54)", Table1[[#This Row],[Age_CLEAN]]<=75,"Older Adult (55-75)", TRUE,"Out of Range" ))} -> Older Adult (55-75) | P77: Vaughan ON | Q77: ON | R77: 6.28 | S77: 2.27
A78: TXN-2024-000653 | B78: CUST-0041 | C78: 45430 | D78: Hand Soap & Sanitizer | E78: Male | F78: 22 | G78: Quebec City (Quebec) | H78: 2 | I78: 41.58 | J78: 13.46 | K78: Online | L78: 45430 | M78: Male | N78: 22 | O78: {=IF(OR(Table1[[#This Row],[Age_CLEAN]]="",Table1[[#This Row],[Age_CLEAN]]=0), "Unknown", _xlfn.IFS( Table1[[#This Row],[Age_CLEAN]]<=17,"Teen (13-17)", Table1[[#This Row],[Age_CLEAN]]<=24,"Young Adult (18-24)", Table1[[#This Row],[Age_CLEAN]]<=34,"Adult (25-34)", Table1[[#This Row],[Age_CLEAN]]<=54,"Mid-Age (35-54)", Table1[[#This Row],[Age_CLEAN]]<=75,"Older Adult (55-75)", TRUE,"Out of Range" ))} -> Young Adult (18-24) | P78: Quebec City (Quebec) | Q78: QC | R78: 41.58 | S78: 13.46
A79: TXN-2023-000040 | B79: CUST-0235 | C79: 44952 | D79: Body Care | E79: Male | F79: 48 | G79: Ottawa (Ontario) | H79: 2 | I79: 22.25 | J79: 5.33 | K79: Store | L79: 44952 | M79: Male | N79: 48 | O79: {=IF(OR(Table1[[#This Row],[Age_CLEAN]]="",Table1[[#This Row],[Age_CLEAN]]=0), "Unknown", _xlfn.IFS( Table1[[#This Row],[Age_CLEAN]]<=17,"Teen (13-17)", Table1[[#This Row],[Age_CLEAN]]<=24,"Young Adult (18-24)", Table1[[#This Row],[Age_CLEAN]]<=34,"Adult (25-34)", Table1[[#This Row],[Age_CLEAN]]<=54,"Mid-Age (35-54)", Table1[[#This Row],[Age_CLEAN]]<=75,"Older Adult (55-75)", TRUE,"Out of Range" ))} -> Mid-Age (35-54) | P79: Ottawa (Ontario) | Q79: ON | R79: 22.25 | S79: 5.33
A80: TXN-2023-000590 | B80: CUST-0294 | C80: 05/02/2023 | D80: Candles | E80: F | F80: 51 | G80: Montreal-Quebec | H80: 1 | I80: 14.01 | J80: 8.89 | K80: Store | L80: 44962 | M80: Female | N80: 51 | O80: {=IF(OR(Table1[[#This Row],[Age_CLEAN]]="",Table1[[#This Row],[Age_CLEAN]]=0), "Unknown", _xlfn.IFS( Table1[[#This Row],[Age_CLEAN]]<=17,"Teen (13-17)", Table1[[#This Row],[Age_CLEAN]]<=24,"Young Adult (18-24)", Table1[[#This Row],[Age_CLEAN]]<=34,"Adult (25-34)", Table1[[#This Row],[Age_CLEAN]]<=54,"Mid-Age (35-54)", Table1[[#This Row],[Age_CLEAN]]<=75,"Older Adult (55-75)", TRUE,"Out of Range" ))} -> Mid-Age (35-54) | P80: Montreal-Quebec | Q80: QC | R80: 14.01 | S80: 8.89
A81: TXN-2024-000308 | B81: CUST-0194 | C81: 45639 | D81: Hand Soap & Sanitizer | E81: Male | F81: 32 | G81: Toronto / Ontari | H81: 5 | I81: CAD 147.91 | J81: 43.69 | K81: Store | L81: 45639 | M81: Male | N81: 32 | O81: {=IF(OR(Table1[[#This Row],[Age_CLEAN]]="",Table1[[#This Row],[Age_CLEAN]]=0), "Unknown", _xlfn.IFS( Table1[[#This Row],[Age_CLEAN]]<=17,"Teen (13-17)", Table1[[#This Row],[Age_CLEAN]]<=24,"Young Adult (18-24)", Table1[[#This Row],[Age_CLEAN]]<=34,"Adult (25-34)", Table1[[#This Row],[Age_CLEAN]]<=54,"Mid-Age (35-54)", Table1[[#This Row],[Age_CLEAN]]<=75,"Older Adult (55-75)", TRUE,"Out of Range" ))} -> Adult (25-34) | P81: Toronto / Ontari | Q81: ON | R81: 147.91 | S81: 43.69
A82: TXN-2023-000680 | B82: CUST-0316 | C82: 2023.10.21 | D82: Body Care | E82: M | F82: 13 | G82: Laval Quebec | H82: 2 | I82: 50.66 | J82: 23.4 | K82: Online | L82: 45220 | M82: Male | N82: 13 | O82: {=IF(OR(Table1[[#This Row],[Age_CLEAN]]="",Table1[[#This Row],[Age_CLEAN]]=0), "Unknown", _xlfn.IFS( Table1[[#This Row],[Age_CLEAN]]<=17,"Teen (13-17)", Table1[[#This Row],[Age_CLEAN]]<=24,"Young Adult (18-24)", Table1[[#This Row],[Age_CLEAN]]<=34,"Adult (25-34)", Table1[[#This Row],[Age_CLEAN]]<=54,"Mid-Age (35-54)", Table1[[#This Row],[Age_CLEAN]]<=75,"Older Adult (55-75)", TRUE,"Out of Range" ))} -> Teen (13-17) | P82: Laval Quebec | Q82: QC | R82: 50.66 | S82: 23.4
A83: TXN-2023-000067 | B83: CUST-0128 | C83: 45008 | D83: Men's | E83: Female | F83: 22 | G83: Calgary Albert | H83: 3 | I83: 60.83 | J83: 25.83 | K83: Store | L83: 45008 | M83: Female | N83: 22 | O83: {=IF(OR(Table1[[#This Row],[Age_CLEAN]]="",Table1[[#This Row],[Age_CLEAN]]=0), "Unknown", _xlfn.IFS( Table1[[#This Row],[Age_CLEAN]]<=17,"Teen (13-17)", Table1[[#This Row],[Age_CLEAN]]<=24,"Young Adult (18-24)", Table1[[#This Row],[Age_CLEAN]]<=34,"Adult (25-34)", Table1[[#This Row],[Age_CLEAN]]<=54,"Mid-Age (35-54)", Table1[[#This Row],[Age_CLEAN]]<=75,"Older Adult (55-75)", TRUE,"Out of Range" ))} -> Young Adult (18-24) | P83: Calgary Albert | Q83: AB | R83: 60.83 | S83: 25.83
A84: TXN-2023-000276 | B84: CUST-0119 | C84: 10/05/2023 | D84: Men's | E84: U | F84: 44 | G84: Calgary-Albert | H84: 1 | I84: CAD 29.34 | J84: 10.66 | K84: Store | L84: 45056 | M84: Unknown | N84: 44 | O84: {=IF(OR(Table1[[#This Row],[Age_CLEAN]]="",Table1[[#This Row],[Age_CLEAN]]=0), "Unknown", _xlfn.IFS( Table1[[#This Row],[Age_CLEAN]]<=17,"Teen (13-17)", Table1[[#This Row],[Age_CLEAN]]<=24,"Young Adult (18-24)", Table1[[#This Row],[Age_CLEAN]]<=34,"Adult (25-34)", Table1[[#This Row],[Age_CLEAN]]<=54,"Mid-Age (35-54)", Table1[[#This Row],[Age_CLEAN]]<=75,"Older Adult (55-75)", TRUE,"Out of Range" ))} -> Mid-Age (35-54) | P84: Calgary-Albert | Q84: AB | R84: 29.34 | S84: 10.66
A85: TXN-2023-000068 | B85: CUST-0305 | C85: 44963 | D85: Men's | E85: FEMALE | F85: 59 | G85: Vaughan Ontari | H85: 4 | I85: 107.08 | J85: 40.64 | K85: Online | L85: 44963 | M85: Female | N85: 59 | O85: {=IF(OR(Table1[[#This Row],[Age_CLEAN]]="",Table1[[#This Row],[Age_CLEAN]]=0), "Unknown", _xlfn.IFS( Table1[[#This Row],[Age_CLEAN]]<=17,"Teen (13-17)", Table1[[#This Row],[Age_CLEAN]]<=24,"Young Adult (18-24)", Table1[[#This Row],[Age_CLEAN]]<=34,"Adult (25-34)", Table1[[#This Row],[Age_CLEAN]]<=54,"Mid-Age (35-54)", Table1[[#This Row],[Age_CLEAN]]<=75,"Older Adult (55-75)", TRUE,"Out of Range" ))} -> Older Adult (55-75) | P85: Vaughan Ontari | Q85: ON | R85: 107.08 | S85: 40.64
A86: TXN-2023-000319 | B86: CUST-0317 | C86: 44975 | D86: Body Care | E86: MALE | F86: 28 | G86: London, ON | H86: 4 | I86: 90,98 | J86: 43.04 | K86: Online | L86: 44975 | M86: Male | N86: 28 | O86: {=IF(OR(Table1[[#This Row],[Age_CLEAN]]="",Table1[[#This Row],[Age_CLEAN]]=0), "Unknown", _xlfn.IFS( Table1[[#This Row],[Age_CLEAN]]<=17,"Teen (13-17)", Table1[[#This Row],[Age_CLEAN]]<=24,"Young Adult (18-24)", Table1[[#This Row],[Age_CLEAN]]<=34,"Adult (25-34)", Table1[[#This Row],[Age_CLEAN]]<=54,"Mid-Age (35-54)", Table1[[#This Row],[Age_CLEAN]]<=75,"Older Adult (55-75)", TRUE,"Out of Range" ))} -> Adult (25-34) | P86: London, ON | Q86: ON | R86: 90.98 | S86: 43.04
A87: TXN-2023-000549 | B87: CUST-0220 | C87: 2023.12.03 | D87: Body Care | E87: male | F87: 26 | G87: Kitchener-on | H87: 4 | I87: 25.04 | J87: 11.89 | K87: Online | L87: 45263 | M87: Male | N87: 26 | O87: {=IF(OR(Table1[[#This Row],[Age_CLEAN]]="",Table1[[#This Row],[Age_CLEAN]]=0), "Unknown", _xlfn.IFS( Table1[[#This Row],[Age_CLEAN]]<=17,"Teen (13-17)", Table1[[#This Row],[Age_CLEAN]]<=24,"Young Adult (18-24)", Table1[[#This Row],[Age_CLEAN]]<=34,"Adult (25-34)", Table1[[#This Row],[Age_CLEAN]]<=54,"Mid-Age (35-54)", Table1[[#This Row],[Age_CLEAN]]<=75,"Older Adult (55-75)", TRUE,"Out of Range" ))} -> Adult (25-34) | P87: Kitchener-on | Q87: ON | R87: 25.04 | S87: 11.89
A88: TXN-2024-000592 | B88: cust-0111 | C88: 2024.06.20 | D88: Body Care | E88: MALE | F88: 49 | G88: Hamilton Ontari | H88: 2 | I88: 26.81 | J88: 13.33 | K88: Online | L88: 45463 | M88: Male | N88: 49 | O88: {=IF(OR(Table1[[#This Row],[Age_CLEAN]]="",Table1[[#This Row],[Age_CLEAN]]=0), "Unknown", _xlfn.IFS( Table1[[#This Row],[Age_CLEAN]]<=17,"Teen (13-17)", Table1[[#This Row],[Age_CLEAN]]<=24,"Young Adult (18-24)", Table1[[#This Row],[Age_CLEAN]]<=34,"Adult (25-34)", Table1[[#This Row],[Age_CLEAN]]<=54,"Mid-Age (35-54)", Table1[[#This Row],[Age_CLEAN]]<=75,"Older Adult (55-75)", TRUE,"Out of Range" ))} -> Mid-Age (35-54) | P88: Hamilton Ontari | Q88: ON | R88: 26.81 | S88: 13.33
A89: TXN-2023-000715 | B89: CUST-0071 | C89: 45234 | D89: Wallflower & Air Freshener | E89: MALE | F89: 73 | G89: London / Ontario | H89: 1 | I89: 29.9 | J89: 11.89 | K89: Store | L89: 45234 | M89: Male | N89: 73 | O89: {=IF(OR(Table1[[#This Row],[Age_CLEAN]]="",Table1[[#This Row],[Age_CLEAN]]=0), "Unknown", _xlfn.IFS( Table1[[#This Row],[Age_CLEAN]]<=17,"Teen (13-17)", Table1[[#This Row],[Age_CLEAN]]<=24,"Young Adult (18-24)", Table1[[#This Row],[Age_CLEAN]]<=34,"Adult (25-34)", Table1[[#This Row],[Age_CLEAN]]<=54,"Mid-Age (35-54)", Table1[[#This Row],[Age_CLEAN]]<=75,"Older Adult (55-75)", TRUE,"Out of Range" ))} -> Older Adult (55-75) | P89: London / Ontario | Q89: ON | R89: 29.9 | S89: 11.89
A90: TXN-2023-000754 | B90: CUST-0172 | C90: 45048 | D90: Men's | E90: M | F90: 61 | G90: Sydney (Nova Scoti) | H90: 2 | I90: 79,79 | J90: 26.98 | K90: Online | L90: 45048 | M90: Male | N90: 61 | O90: {=IF(OR(Table1[[#This Row],[Age_CLEAN]]="",Table1[[#This Row],[Age_CLEAN]]=0), "Unknown", _xlfn.IFS( Table1[[#This Row],[Age_CLEAN]]<=17,"Teen (13-17)", Table1[[#This Row],[Age_CLEAN]]<=24,"Young Adult (18-24)", Table1[[#This Row],[Age_CLEAN]]<=34,"Adult (25-34)", Table1[[#This Row],[Age_CLEAN]]<=54,"Mid-Age (35-54)", Table1[[#This Row],[Age_CLEAN]]<=75,"Older Adult (55-75)", TRUE,"Out of Range" ))} -> Older Adult (55-75) | P90: Sydney (Nova Scoti) | Q90: NS | R90: 79.79 | S90: 26.98
A91: TXN-2023-000328 | B91: CUST-0301 | C91: 45223 | D91: Candles | E91: FEMALE | F91: 21 | G91: Calgary (AB) | H91: 4 | I91: 114,80 | J91: 70.55 | K91: Store | L91: 45223 | M91: Female | N91: 21 | O91: {=IF(OR(Table1[[#This Row],[Age_CLEAN]]="",Table1[[#This Row],[Age_CLEAN]]=0), "Unknown", _xlfn.IFS( Table1[[#This Row],[Age_CLEAN]]<=17,"Teen (13-17)", Table1[[#This Row],[Age_CLEAN]]<=24,"Young Adult (18-24)", Table1[[#This Row],[Age_CLEAN]]<=34,"Adult (25-34)", Table1[[#This Row],[Age_CLEAN]]<=54,"Mid-Age (35-54)", Table1[[#This Row],[Age_CLEAN]]<=75,"Older Adult (55-75)", TRUE,"Out of Range" ))} -> Young Adult (18-24) | P91: Calgary (AB) | Q91: AB | R91: 114.8 | S91: 70.55
A92: TXN-2024-000383 | B92: CUST-0024 | C92: 45458 | D92: Body Care | E92: MALE | F92: 47 | G92: London ON | H92: 1 | J92: 5.03 | K92: Store | L92: 45458 | M92: Male | N92: 47 | O92: {=IF(OR(Table1[[#This Row],[Age_CLEAN]]="",Table1[[#This Row],[Age_CLEAN]]=0), "Unknown", _xlfn.IFS( Table1[[#This Row],[Age_CLEAN]]<=17,"Teen (13-17)", Table1[[#This Row],[Age_CLEAN]]<=24,"Young Adult (18-24)", Table1[[#This Row],[Age_CLEAN]]<=34,"Adult (25-34)", Table1[[#This Row],[Age_CLEAN]]<=54,"Mid-Age (35-54)", Table1[[#This Row],[Age_CLEAN]]<=75,"Older Adult (55-75)", TRUE,"Out of Range" ))} -> Mid-Age (35-54) | P92: London ON | Q92: ON | S92: 5.03
A93: TXN-2023-000452 | B93: CUST-0253 | C93: 09/12/2023 | D93: Wallflower & Air Freshener | E93: FEMALE | F93: 41 | G93: Saskatoon SK | H93: 3 | I93: â€” | J93: 26.05 | K93: Online | L93: 45269 | M93: Female | N93: 41 | O93: {=IF(OR(Table1[[#This Row],[Age_CLEAN]]="",Table1[[#This Row],[Age_CLEAN]]=0), "Unknown", _xlfn.IFS( Table1[[#This Row],[Age_CLEAN]]<=17,"Teen (13-17)", Table1[[#This Row],[Age_CLEAN]]<=24,"Young Adult (18-24)", Table1[[#This Row],[Age_CLEAN]]<=34,"Adult (25-34)", Table1[[#This Row],[Age_CLEAN]]<=54,"Mid-Age (35-54)", Table1[[#This Row],[Age_CLEAN]]<=75,"Older Adult (55-75)", TRUE,"Out of Range" ))} -> Mid-Age (35-54) | P93: Saskatoon SK | Q93: SK | S93: 26.05
A94: TXN-2024-000523 | B94: CUST-0269 | C94: 45386 | D94: Body Care | E94: female | F94: 48 | G94: London Ontario | H94: 2 | I94: 57.77 | J94: 29,37 | K94: Store | L94: 45386 | M94: Female | N94: 48 | O94: {=IF(OR(Table1[[#This Row],[Age_CLEAN]]="",Table1[[#This Row],[Age_CLEAN]]=0), "Unknown", _xlfn.IFS( Table1[[#This Row],[Age_CLEAN]]<=17,"Teen (13-17)", Table1[[#This Row],[Age_CLEAN]]<=24,"Young Adult (18-24)", Table1[[#This Row],[Age_CLEAN]]<=34,"Adult (25-34)", Table1[[#This Row],[Age_CLEAN]]<=54,"Mid-Age (35-54)", Table1[[#This Row],[Age_CLEAN]]<=75,"Older Adult (55-75)", TRUE,"Out of Range" ))} -> Mid-Age (35-54) | P94: London Ontario | Q94: ON | R94: 57.77 | S94: 29.37
A95: TXN-2023-000219 | B95: CUST-0104 | C95: 26/05/2023 | D95: Hand Soap & Sanitizer | E95: F | F95: 70 | G95: Toronto (Ontario) | H95: 4 | I95: 78.27 | J95: 26.91 | K95: Store | L95: 45072 | M95: Female | N95: 70 | O95: {=IF(OR(Table1[[#This Row],[Age_CLEAN]]="",Table1[[#This Row],[Age_CLEAN]]=0), "Unknown", _xlfn.IFS( Table1[[#This Row],[Age_CLEAN]]<=17,"Teen (13-17)", Table1[[#This Row],[Age_CLEAN]]<=24,"Young Adult (18-24)", Table1[[#This Row],[Age_CLEAN]]<=34,"Adult (25-34)", Table1[[#This Row],[Age_CLEAN]]<=54,"Mid-Age (35-54)", Table1[[#This Row],[Age_CLEAN]]<=75,"Older Adult (55-75)", TRUE,"Out of Range" ))} -> Older Adult (55-75) | P95: Toronto (Ontario) | Q95: ON | R95: 78.27 | S95: 26.91
A96: TXN-2023-000788 | B96: CUST-0065 | C96: 44968 | D96: Hand Soap & Sanitizer | E96: F | F96: 34 | G96: Quebec City, Quebec | H96: 1 | I96: CAD 15.61 | J96: 7.14 | K96: Store | L96: 44968 | M96: Female | N96: 34 | O96: {=IF(OR(Table1[[#This Row],[Age_CLEAN]]="",Table1[[#This Row],[Age_CLEAN]]=0), "Unknown", _xlfn.IFS( Table1[[#This Row],[Age_CLEAN]]<=17,"Teen (13-17)", Table1[[#This Row],[Age_CLEAN]]<=24,"Young Adult (18-24)", Table1[[#This Row],[Age_CLEAN]]<=34,"Adult (25-34)", Table1[[#This Row],[Age_CLEAN]]<=54,"Mid-Age (35-54)", Table1[[#This Row],[Age_CLEAN]]<=75,"Older Adult (55-75)", TRUE,"Out of Range" ))} -> Adult (25-34) | P96: Quebec City, Quebec | Q96: QC | R96: 15.61 | S96: 7.14
A97: TXN-2024-000437 | B97: CUST-0120 | C97: 45468 | D97: Men's | E97: Male | F97: 38 | G97: Red Deer / Alberta | H97: 2 | I97: 32.16 | J97: 11.91 | K97: Store | L97: 45468 | M97: Male | N97: 38 | O97: {=IF(OR(Table1[[#This Row],[Age_CLEAN]]="",Table1[[#This Row],[Age_CLEAN]]=0), "Unknown", _xlfn.IFS( Table1[[#This Row],[Age_CLEAN]]<=17,"Teen (13-17)", Table1[[#This Row],[Age_CLEAN]]<=24,"Young Adult (18-24)", Table1[[#This Row],[Age_CLEAN]]<=34,"Adult (25-34)", Table1[[#This Row],[Age_CLEAN]]<=54,"Mid-Age (35-54)", Table1[[#This Row],[Age_CLEAN]]<=75,"Older Adult (55-75)", TRUE,"Out of Range" ))} -> Mid-Age (35-54) | P97: Red Deer / Alberta | Q97: AB | R97: 32.16 | S97: 11.91
A98: TXN-2023-000765 | B98: CUST-0165 | C98: 21/04/2023 | D98: Candles | E98: female | F98: 40 | G98: Quebec - Sherbrooke | H98: 1 | I98: CAD 11.22 | J98: 5.37 | K98: Store | L98: 45037 | M98: Female | N98: 40 | O98: {=IF(OR(Table1[[#This Row],[Age_CLEAN]]="",Table1[[#This Row],[Age_CLEAN]]=0), "Unknown", _xlfn.IFS( Table1[[#This Row],[Age_CLEAN]]<=17,"Teen (13-17)", Table1[[#This Row],[Age_CLEAN]]<=24,"Young Adult (18-24)", Table1[[#This Row],[Age_CLEAN]]<=34,"Adult (25-34)", Table1[[#This Row],[Age_CLEAN]]<=54,"Mid-Age (35-54)", Table1[[#This Row],[Age_CLEAN]]<=75,"Older Adult (55-75)", TRUE,"Out of Range" ))} -> Mid-Age (35-54) | P98: Quebec - Sherbrooke | Q98: QC | R98: 11.22 | S98: 5.37
A99: TXN-2024-000089 | B99: CUST-0195 | C99: 45652 | D99: Men's | E99: MALE | F99: 51 | G99: Quebe - Longueuil | H99: 2 | I99: 75.47 | J99: 23.54 | K99: Online | L99: 45652 | M99: Male | N99: 51 | O99: {=IF(OR(Table1[[#This Row],[Age_CLEAN]]="",Table1[[#This Row],[Age_CLEAN]]=0), "Unknown", _xlfn.IFS( Table1[[#This Row],[Age_CLEAN]]<=17,"Teen (13-17)", Table1[[#This Row],[Age_CLEAN]]<=24,"Young Adult (18-24)", Table1[[#This Row],[Age_CLEAN]]<=34,"Adult (25-34)", Table1[[#This Row],[Age_CLEAN]]<=54,"Mid-Age (35-54)", Table1[[#This Row],[Age_CLEAN]]<=75,"Older Adult (55-75)", TRUE,"Out of Range" ))} -> Mid-Age (35-54) | P99: Quebe - Longueuil | Q99: QC | R99: 75.47 | S99: 23.54
A100: TXN-2023-000064 | B100: CUST-0076 | C100: 45015 | D100: Candles | E100: Male | F100: 71 | G100: Quebec City QUEBEC | H100: 2 | I100: 26.89 | J100: 12.86 | K100: Store | L100: 45015 | M100: Male | N100: 71 | O100: {=IF(OR(Table1[[#This Row],[Age_CLEAN]]="",Table1[[#This Row],[Age_CLEAN]]=0), "Unknown", _xlfn.IFS( Table1[[#This Row],[Age_CLEAN]]<=17,"Teen (13-17)", Table1[[#This Row],[Age_CLEAN]]<=24,"Young Adult (18-24)", Table1[[#This Row],[Age_CLEAN]]<=34,"Adult (25-34)", Table1[[#This Row],[Age_CLEAN]]<=54,"Mid-Age (35-54)", Table1[[#This Row],[Age_CLEAN]]<=75,"Older Adult (55-75)", TRUE,"Out of Range" ))} -> Older Adult (55-75) | P100: Quebec City QUEBEC | Q100: QC | R100: 26.89 | S100: 12.86
...

Sheet bbw_Pivot Table
A2: Sum of Sales_CLEAN | B2: Sum of Profit_CLEAN
A3: 35344.53 | B3: 14625.17
A5: 1. Total Sales and Profit for 2023 vs 2024
A6: Row Labels | B6: Sum of Sales_CLEAN | C6: Sum of Profit_CLEAN
A7: 2023 | B7: 18932.38 | C7: 7943.89
A8: 2024 | B8: 16412.15 | C8: 6681.28
A9: Grand Total | B9: 35344.53 | C9: 14625.17
A11: 2. Province having the highest total Sales and Profit (2023–2024 combined)
A12: Row Labels | B12: Sum of Sales_CLEAN | C12: Sum of Profit_CLEAN
A13: ON | B13: 13260.1 | C13: 5370.25
A14: QC | B14: 8563.57 | C14: 3627.5
A15: BC | B15: 4566.55 | C15: 1966.88
A16: AB | B16: 4253.22 | C16: 1708.52
A17: Grand Total | B17: 30643.44 | C17: 12673.15
A19: Row Labels | B19: Sum of Quantity
A20: 2023 | B20: 899
A21: 2024 | B21: 809
A22: Grand Total | B22: 1708
A25: 3. Category that contributes the most Sales and Profit in each year
A26: Row Labels | B26: Sum of Sales_CLEAN | C26: Sum of Profit_CLEAN
A27: Candles | B27: 11631.77 | C27: 4890.39
A28: 2023 | B28: 6777.96 | C28: 2924.55
A29: 2024 | B29: 4853.81 | C29: 1965.84
A30: Men's | B30: 8225.98 | C30: 3385.13
A31: 2023 | B31: 4332.2 | C31: 1718.35
A32: 2024 | B32: 3893.78 | C32: 1666.78
A33: Wallflower & Air Freshener | B33: 6514.96 | C33: 2568.66
A34: 2023 | B34: 3160.53 | C34: 1334.33
A35: 2024 | B35: 3354.43 | C35: 1234.33
A36: Body Care | B36: 5388.47 | C36: 2342.43
A37: 2023 | B37: 2987.25 | C37: 1309.97
A38: 2024 | B38: 2401.22 | C38: 1032.46
... A42: Grand Total | B42: 35344.53 | C42: 14625.17
A44: 4. Gender based difference in average Sales per transaction
A45: Row Labels | B45: Average of Sales_CLEAN
A46: Female | B46: 36.077535
A47: Male | B47: 36.137335
A48: Prefer not to say | B48: 34.594286
A49: Unknown | B49: 37.025868
A50: Grand Total | B50: 36.176592
A52: 5. top 3 age values by total Sales with most purchased Category.
A53: Sum of Sales_CLEAN | B53: Column Labels
A54: Row Labels | B54: Body Care | C54: Candles | D54: Hand Soap & Sanitizer | E54: Men's | F54: Wallflower & Air Freshener | G54: Grand Total
A55: 66 | B55: 144.35 | C55: 802.74 | D55: 25.67 | E55: 187.3 | F55: 102.16 | G55: 1262.22
A56: (blank) | B56: 112.95 | C56: 533.16 | D56: 46.96 | E56: 93.28 | F56: 273.79 | G56: 1060.14
A57: 38 | B57: 210.59 | C57: 578.59 | D57: 22.83 | E57: 65.19 | F57: 109.35 | G57: 986.55
A58: Grand Total | B58: 467.89 | C58: 1914.49 | D58: 95.46 | E58: 345.77 | F58: 485.3 | G58: 3308.91
A78: 6. Sales trend month-over-month in 2023 vs 2024, and the peaks
A79: Sum of Sales_CLEAN | B79: Column Labels
A80: Row Labels | B80: 2023 | C80: 2024 | D80: Grand Total
A81: Jan | B81: 1915.28 | C81: 1560.24 | D81: 3475.52
A82: Feb | B82: 2083.64 | C82: 853.29 | D82: 2936.93
A83: Mar | B83: 1908.66 | C83: 929.12 | D83: 2837.78
A84: Apr | B84: 1683.45 | C84: 1456.71 | D84: 3140.16
A85: May | B85: 1401.88 | C85: 1772.36 | D85: 3174.24
A86: Jun | B86: 1901.44 | C86: 1614.51 | D86: 3515.95
A87: Jul | B87: 1332.07 | C87: 1272.35 | D87: 2604.42
A88: Aug | B88: 1179.94 | C88: 1214.49 | D88: 2394.43
A89: Sep | B89: 1018.49 | C89: 962.22 | D89: 1980.71
A90: Oct | B90: 1221.46 | C90: 948.4 | D90: 2169.86
A91: Nov | B91: 1645.07 | C91: 1336.3 | D91: 2981.37
A92: Dec | B92: 1641 | C92: 2492.16 | D92: 4133.16
A93: Grand Total | B93: 18932.38 | C93: 16412.15 | D93: 35344.53
A95: 7. Sales by Age Group
A96: Row Labels | B96: Sum of Sales_CLEAN | C96: Sum of Profit_CLEAN
A97: Older Adult (55-75) | B97: 11751.28 | C97: 4819.53
A98: Mid-Age (35-54) | B98: 9138.41 | C98: 3953.69
A99: Adult (25-34) | B99: 6060.59 | C99: 2237.55
A100: Young Adult (18-24) | B100: 4038.48 | C100: 1691.82
A101: Teen (13-17) | B101: 3295.63 | C101: 1373.92
A102: Unknown | B102: 1060.14 | C102: 548.66
A103: Grand Total | B103: 35344.53 | C103: 14625.17
A105: 8. Sales by Channel
A106: Row Labels | B106: Sum of Sales_CLEAN | C106: Sum of Profit_CLEAN
A107: 2023 | B107: 18932.38 | C107: 7943.89
A108: Online | B108: 9755.83 | C108: 4233.16
A109: Store | B109: 9176.55 | C109: 3710.73
A110: 2024 | B110: 16412.15 | C110: 6681.28
A111: Online | B111: 8461.88 | C111: 3378.42
A112: Store | B112: 7950.27 | C112: 3302.86
A113: Grand Total | B113: 35344.53 | C113: 14625.17
A163: 8. Channel generating higher Sales and Profit by year and category (Category Slicer??) >> Kenji
A164: Row Labels | B164: Sum of Sales_CLEAN | C164: Sum of Profit_CLEAN
A165: 2023 | B165: 18932.38 | C165: 7943.89
A166: Online | B166: 9755.83 | C166: 4233.16
A167: Store | B167: 9176.55 | C167: 3710.73
A168: 2024 | B168: 16412.15 | C168: 6681.28
A169: Online | B169: 8461.88 | C169: 3378.42
A170: Store | B170: 7950.27 | C170: 3302.86
A171: Grand Total | B171: 35344.53 | C171: 14625.17

Sheet bbw_Dashboard
K2: Yearly Sales and Profit by Category
C10: Sales by Age Group | G10: Yearly Sales by Channel
C11: Age Group | D11: Sum of Sales | E11: Sum of Profit | G11: Selling Channel | H11: Sum of Sales | I11: Sum of Profit
C12: ='bbw_Pivot Table'!A97 -> Older Adult (55-75) | D12: ='bbw_Pivot Table'!B97 -> 11751.28 | E12: ='bbw_Pivot Table'!C97 -> 4819.53 | G12: ='bbw_Pivot Table'!A107 -> 2023 | H12: ='bbw_Pivot Table'!B107 -> 18932.38 | I12: ='bbw_Pivot Table'!C107 -> 7943.89
C13: ='bbw_Pivot Table'!A98 -> Mid-Age (35-54) | D13: ='bbw_Pivot Table'!B98 -> 9138.41 | E13: ='bbw_Pivot Table'!C98 -> 3953.69 | G13: ='bbw_Pivot Table'!A108 -> Online | H13: ='bbw_Pivot Table'!B108 -> 9755.83 | I13: ='bbw_Pivot Table'!C108 -> 4233.16
C14: ='bbw_Pivot Table'!A99 -> Adult (25-34) | D14: ='bbw_Pivot Table'!B99 -> 6060.59 | E14: ='bbw_Pivot Table'!C99 -> 2237.55 | G14: ='bbw_Pivot Table'!A109 -> Store | H14: ='bbw_Pivot Table'!B109 -> 9176.55 | I14: ='bbw_Pivot Table'!C109 -> 3710.73
C15: ='bbw_Pivot Table'!A100 -> Young Adult (18-24) | D15: ='bbw_Pivot Table'!B100 -> 4038.48 | E15: ='bbw_Pivot Table'!C100 -> 1691.82 | G15: ='bbw_Pivot Table'!A110 -> 2024 | H15: ='bbw_Pivot Table'!B110 -> 16412.15 | I15: ='bbw_Pivot Table'!C110 -> 6681.28
C16: ='bbw_Pivot Table'!A101 -> Teen (13-17) | D16: ='bbw_Pivot Table'!B101 -> 3295.63 | E16: ='bbw_Pivot Table'!C101 -> 1373.92 | G16: ='bbw_Pivot Table'!A111 -> Online | H16: ='bbw_Pivot Table'!B111 -> 8461.88 | I16: ='bbw_Pivot Table'!C111 -> 3378.42
C17: ='bbw_Pivot Table'!A102 -> Unknown | D17: ='bbw_Pivot Table'!B102 -> 1060.14 | E17: ='bbw_Pivot Table'!C102 -> 548.66 | G17: ='bbw_Pivot Table'!A112 -> Store | H17: ='bbw_Pivot Table'!B112 -> 7950.27 | I17: ='bbw_Pivot Table'!C112 -> 3302.86
C18: ='bbw_Pivot Table'!A103 -> Grand Total | D18: ='bbw_Pivot Table'!B103 -> 35344.53 | E18: ='bbw_Pivot Table'!C103 -> 14625.17 | G18: ='bbw_Pivot Table'!A113 -> Grand Total | H18: ='bbw_Pivot Table'!B113 -> 35344.53 | I18: ='bbw_Pivot Table'!C113 -> 14625.17
